"","SAMd027124354ce","SAMbf1a3ae828e6","SAM2e9ac0b1b250","SAMd35318127278","SAM560f23d6a3ad","SAM73663ee4a96e","SAMc2a1820d4e6b","SAMe1eb5d988760","SAM8a1b0e02ee42","SAMb470eb8f04be","SAMd3601288319e","SAM670649e105b5","SAM3b15b4c6311d","SAMeaa477a5384b","SAM25510f300d79","SAM771445e92421","SAM6f2a102a99df","SAM6ff654a20f98","SAM31d9176e11fb","SAM572f19794c96"
"ABL1",0.172711120533591,0.355086848232847,0.0860513160487085,0.607638442796368,0.404494575044999,0.425669298354972,0.470667029797829,0.168556965234546,-0.171387403679178,0.472614054795369,0.108145323581533,0.276523944600224,0.898931678252915,0.281026759877439,0.360065226817576,0.460237437021692,0.654211501558687,0.504188843565597,0.462992435523732,0.776228291860631
"AHR",-0.337844785241719,0.891229756956227,0.00539535113337408,0.194828039007908,1.50335817184415,0.062299149682915,0.162444552642488,0.161775263602192,-0.559360800942495,1.05862317180986,-0.168807596109857,0.418907045249729,0.0708037944568142,0.0686528902125638,0.228732664846905,0.135053379301409,-0.00130857101217403,-0.095452820394732,-0.168040755418734,0.311892339211682
"AIRE",-0.343014461503965,-0.987456638474633,-0.567653698900238,-0.757020079423785,-0.0238310072892516,-0.398457000471879,-0.422054258968704,-0.811165297169567,-0.167579296560634,-0.445448273606722,-0.475258422527327,-0.748494909114474,-1.19760763112024,-0.572920676314324,-0.805018005735745,-0.280081264654009,-0.515093412434708,-0.525019208609663,-1.26641616250952,-0.152878952633509
"AP1",0.680266427049221,0.925917690102302,0.773227765399919,-0.560995965407381,1.87608560861194,-0.153036145475014,0.590519210931731,1.03385381245642,-2.15576536782074,0.248080026676953,-0.136910738930192,1.50154716691229,1.33906497788023,0.122331631486206,0.925231909900652,0.802547931737777,0.930359826717009,0.15605896386604,1.50332746907979,1.58331646033784
"APEX1",1.21865773709342,1.47010434066044,1.5470874391848,1.02004084856069,1.48965372281477,1.29285475945007,1.32490980139307,1.42724851646477,1.10079550959116,1.3948692709916,1.43403029496201,1.39576040598577,1.5390496030533,1.71506815512528,1.21867042441941,1.46826069414257,1.3849179534827,1.2092054788187,1.31364288952763,1.62478177048993
"AR",4.00657854778489,4.987791599831,4.79254793374942,4.09950804082713,4.79701392817909,4.15522983532014,4.40781932840196,4.1195526024041,4.39809109752164,4.64714718910646,4.72658962181495,5.036330649317,4.1235875284631,3.76883085059888,4.4567732568412,4.46779173533878,4.96539882224706,5.05842817505864,4.43673687742305,4.8168616735579
"ARID4B",-0.381386970672982,-1.33215497249001,1.19272249727046,-0.229765723157602,-0.152920151610493,-1.03717290204404,-0.972767686928663,-1.40742368388606,-0.740767454159663,0.137689163275874,-0.287453523528649,-1.27387208334785,-0.498248335932166,-0.624037294286884,-0.801862269131318,-1.01708547976388,-0.57229506327132,-1.12499373439183,-1.37291190536276,-0.202454428936119
"ARNT",-0.0191843006863087,1.0803978354338,0.711024498035202,0.217301754819143,0.0321775933095355,0.445379733469605,0.56254990076199,0.0715490499593158,0.219874272833359,0.921705808849211,-0.0687417070001002,0.965364599619944,0.843491199117753,-0.0306014254790444,0.629460886567477,0.393677385762294,0.423219473775865,0.617353918952208,0.0693953340157942,0.218121549839011
"ARX",-1.29970367153347,-1.19151994282055,-1.92864253972231,-1.48878646654439,-2.33484907982231,-1.02630560854436,-0.571303265404558,-0.850731282015491,-1.32320719464933,-0.984136951523143,-2.01118117187496,-0.900357819798786,-1.41112149478565,-0.943097831366975,-1.90473679734411,-0.517329715996225,-1.48946489825581,-0.922037540405892,-1.48047008207289,-1.00336123962084
"ASCL1",-1.59254746691666,-1.85938463702091,-2.13102530037527,-1.84566276969247,-2.1699759022411,-1.81258210088223,-1.7205865112874,-1.46489548659135,-1.49326533700634,-1.70561332383524,-2.13030053907874,-1.90105518238886,-1.31746336610971,-2.09162377801162,-2.62411054397353,-1.07682332982482,-2.11913900791791,-1.75562422395743,-1.79229002043679,-1.72293706033242
"ASCL2",0.309651406005324,-0.104998307093663,-0.605622295621728,-0.826986197335785,-0.747703381350786,-0.0390850356126862,0.376009184697922,-0.313760696371949,0.30223141638462,-0.342642712749265,-0.38392628557523,-0.303565348001414,-0.0519272951384732,-0.577933061080991,-0.53600378603174,0.178277786512924,-0.148408450499399,0.0821566491175591,-0.806833124367463,-0.807221622836082
"ATF1",2.67370315038385,2.57930981290534,2.73949544416152,2.63605068683812,3.36397560924821,2.53862505598758,2.54535460805251,2.41531758711218,2.10670445147222,2.48974652243433,2.20615412365017,2.77075702951746,2.7216112097559,2.22046010470476,2.09362025923477,3.03126833985558,2.83269517361323,2.69622389559308,2.44266890981156,3.00459745951531
"ATF2",0.365011137736097,0.77791582673264,1.23953581281175,0.587850800963822,0.925106756760781,0.742527657168281,1.34438398801558,1.26592205296946,-0.310655870138714,1.09303094015915,1.31312500582276,1.68843006007266,0.900500034313972,0.159173375654169,0.414268142661099,1.47034777685065,0.758358351228439,0.551867838805862,0.775777624258917,1.30040055154061
"ATF3",1.43847904481598,1.12761758813391,1.02394578979008,0.120787672887536,1.2629901609937,0.843461240031469,0.854535599130526,0.836365323836519,0.545131045380077,-0.0335156335930366,0.969395978675923,1.01767578880398,0.86582177887116,0.548967381060116,1.30832034508086,1.01697830452243,1.48583689771167,0.653538069011088,0.748491661552634,1.31749818544632
"ATF4",0.861620678370902,0.689221021242344,0.624199797661564,0.928424071042379,0.988846745523096,1.0179089266631,0.599901902055309,0.672455749945128,-0.0603382917960966,0.569675960405594,0.902007272441146,1.5104883356932,0.829393424660198,0.820173362847501,1.32520154633505,0.952899190806322,1.04381234826036,0.825675327110225,0.870738057708937,2.19015478808182
"ATF5",1.15375015572759,1.22722515705874,1.96862262575265,1.14696910360489,1.79216114217476,0.958879728094191,1.26525148295662,0.79470426743263,1.09874484074737,1.36222515534716,0.971292324614061,1.72728114070613,1.34047528454587,1.55547994536543,1.33244677798174,0.942456964753275,1.42094555644289,0.972539421363579,1.23415817065902,1.98662332887405
"ATF6",2.69717018448037,2.44505922924454,3.35343315243877,3.21502851625644,3.90808952728393,2.69237687115357,2.57588124901964,2.3355426799549,2.60129306737411,2.696415771018,3.02469624100323,2.72302647652827,2.03210024675346,2.0411637243127,3.17853385297127,2.34532600999056,3.16402936028428,2.64122070822586,2.39779584153425,2.97347544828642
"ATOH1",-4.43805483868037,-4.76827878076749,-4.51128171349377,-3.52211535646533,-3.2072564560544,-4.30090641318543,-4.63698225857586,-5.15543677666675,-4.14900169476211,-3.36036561177017,-4.13797589691095,-4.29954094732095,-4.31772783999795,-4.58578907422673,-4.24387685061601,-4.14365659212244,-4.89204402086637,-4.12634572870579,-4.31785697666548,-4.15793251931894
"ATOH7",-3.66671399147953,-3.05737390475815,-3.33159875610387,-3.28592724832214,-3.21392659041139,-3.58280809549238,-3.43671447996103,-3.125109230512,-2.97613805297158,-3.47259470537822,-2.98274808143823,-3.35328512493685,-3.4177983660942,-2.89272176862259,-3.30323462884324,-3.34889471920017,-3.22830690909177,-3.48108592540633,-3.09852639424503,-3.38027418166378
"BACH1",2.1327599311479,1.31753653436142,1.05493403597501,0.95609755498819,1.7542614554643,0.68816687219525,0.887626368715083,1.13739217213369,0.94453058146477,1.08388391429879,0.96481391804622,1.44056825533963,1.69623048876758,0.822711656989863,1.23979938498641,1.04424275965268,1.45187155342825,1.03935053960962,1.20129469582674,1.17400373951495
"BARX2",1.57998292022632,1.14911657529285,0.950134897520844,0.0682718404709552,0.188325589870798,0.826097147741063,1.17302996816793,1.27100818070222,0.177533142438372,0.891313118248521,0.431133567410548,1.21387979307266,1.14358772976946,0.366135318784959,0.277895161208291,1.36411917251198,0.367924712858906,1.11645671350845,0.759904848549574,0.666665045095252
"BATF",-1.46700510482016,-1.29226081983811,-1.14153253197017,-1.29598840299484,-0.0979095642356191,-1.148473494704,-1.1529653924988,-0.842439999925142,-1.87133993917589,-1.60640362175751,-0.825311811273593,-1.43043915506647,-1.12131965049506,-1.00057083689614,-2.09255434933017,-0.882725473780094,-0.830247122071651,-1.72763638710479,-1.29778330282538,-1.09184182535499
"BCL11A",-0.371224750540891,1.37367872328871,0.750588634247834,0.723771311481438,0.680002730964835,1.07046041329066,0.727938620106013,1.33362346904192,0.498620008339733,1.63100505737281,1.27484468485475,0.316419933135391,-0.0305093571863739,0.517809063556881,-0.133144793033261,0.563288940182228,0.25402222694286,1.30178079400602,0.149521739973086,0.957306816900164
"BCL11B",-1.09767388808414,-0.89729358650991,-0.548707290362249,-0.383967108390598,-1.14802180005418,-1.03903966594168,-0.273910777059108,-0.670415657040275,-0.961428337910942,-1.01313747334964,-0.560210272545739,-0.920578516155397,-1.25888853314059,-0.228277485652438,-1.14961662605026,-0.547015589169554,-0.597237539765658,-1.14480411333132,-0.831991589730398,-1.19513206601702
"BCL3",-0.983949416761052,-0.683506798727882,-0.464160888193926,-0.49139506335915,-0.811922046639001,-1.18155101598289,0.0937430504645158,-0.830738313812377,-0.79442751094297,-0.846847020494645,-0.710162946399561,-0.537669815919924,-0.518347639195781,-0.488655283865064,-0.862245504347735,-0.271634823660773,-0.749397536983973,-1.09981700691849,-0.829491602059734,-0.499001424864018
"BCL6",-2.92640659000678,-2.01069889813761,-3.07430148675543,-2.41188025839269,-2.46168693840542,-2.33030400048679,-1.86811982463946,-2.06685345325641,-2.96458070489645,-2.07401420143537,-2.00259799079935,-2.17561957617912,-2.90024503876946,-1.89121141874651,-2.88550602233075,-2.21343055006817,-2.33219783141013,-2.34705310232737,-2.28251065258062,-1.7576538071698
"BHLHA15",-0.493778599652002,-0.426880111129973,-0.543516562732701,-0.568289041593157,0.320823483008325,-0.167970301260721,-0.645564513692467,-0.218356287650382,-0.904164065654658,-0.528896185672437,-0.889822899946063,0.553074138139936,0.353214720692938,-0.370922880585332,0.793033458062643,-0.257546933476792,0.540965749314184,-0.420358103417709,0.389557875722698,-0.284516391442525
"BHLHE40",-0.856666392224964,-1.88240279152716,-1.04290015077811,-1.47703467056267,-2.50927687102446,-2.35495041847676,-1.89592060752042,-1.95256713648113,-0.766517669715696,-1.84338847796041,-1.94695458258753,-1.82664136226114,-1.51791044260549,-1.6783740881327,-1.10701849807337,-1.43755400874065,-1.06819039488383,-1.21287708114448,-1.9199435375802,-1.71698770609223
"BHLHE41",-1.73997405485046,-1.77178148476799,-2.14274053842033,-1.71956728449019,-2.42929914603736,-1.86548324411992,-2.03707258206995,-1.85591451005878,-2.15329616712027,-1.43306316889778,-1.61468640967497,-1.94704707563588,-1.91245250875333,-1.92060507517589,-1.6393422757403,-1.70001343778554,-1.79112516724514,-1.74668289045079,-1.59087840871764,-1.82972057323169
"BMAL1",1.54965644878479,1.79138048364059,0.985034778978348,1.41506575362685,1.31308546304221,1.29335428482545,1.95700715684899,1.35914030808938,0.397763016698961,1.16727068398675,1.3900636511035,1.86877773008033,0.885397041024239,1.13692022743609,1.45511338042533,1.43608669473558,0.917837253663722,1.53396945266935,0.732205193658332,1.38808681036758
"BRCA1",2.50107832656724,2.66563523775592,1.77840856929208,3.08283622955695,2.07708284126296,2.87982097560814,3.14723474565505,2.83591706762774,1.6985604113245,3.68328976277221,2.0307517365906,2.72398428450722,2.82946436879052,3.18795847844194,2.36955362334606,3.32532280755564,2.73352770172884,2.23178196254605,2.64050101578048,2.37886111570848
"BRD4",1.00301460671931,1.03605397749533,1.66773982025275,0.683701875218149,1.06231809492458,1.31879546622315,1.34372498241322,0.89575760399812,1.04991286235362,1.14217220945339,1.30000200305852,1.47927202823707,1.12851118457315,1.1253670828772,1.43632392836842,1.0782696461977,1.1680396553521,1.17191890849629,1.2372161557731,1.44614997158124
"CDX1",-3.54417501320935,-2.79015469350477,-2.86799033044498,-3.0096414232456,-2.50035875577599,-2.89991524495723,-2.86893278201439,-2.70842910648595,-2.98499986313868,-2.57504110391395,-2.3704613635818,-2.99913043550108,-2.48827860566561,-2.67050979222796,-3.06937409644491,-2.14145972793059,-3.29891622242337,-2.92077768542608,-2.5736357422317,-2.76640032613786
"CDX2",-4.54644606855606,-3.91069230389011,-3.43502909557524,-2.99183520967182,-1.81460219614873,-3.64172116439065,-3.28226892164469,-3.37316764296122,-3.24664573614388,-2.8282063841766,-3.51147783597429,-3.52093459707502,-3.10873162913516,-2.61889740704116,-2.77596238280172,-3.66503006625973,-3.76553384273818,-3.87561883386599,-3.22195583765595,-3.11575395237212
"CEBPA",-2.50779472564431,-1.22601736273967,0.316761565936285,-2.5217737079376,-0.610532322674692,-2.16046141880796,-1.23228712329816,-1.82109803074537,-2.78914409577632,-1.53350852572723,-2.41414645530561,-1.53130229893768,-2.46354395174055,-2.34282176720172,-1.31412510562915,-1.6624744079703,-1.41282645180927,-0.874852960932902,-2.57775171476689,-1.2172120258042
"CEBPB",-0.068584952136549,-0.012890487056116,0.802057254232884,-1.28450827197157,1.5840317193709,-1.01920127617801,0.608200285835859,-0.109845756346374,-1.87284019833365,-0.443564629711993,-1.04084789915998,0.277500685314446,-0.483862726815018,-0.584762998512336,-0.525216212766133,0.195851639829188,-0.0286376896575007,0.139339399974518,-0.401150723792969,-0.0536866466583006
"CEBPD",-1.31923359996465,-1.67111127559522,-0.434078653950689,-2.3820554067127,-0.241337801643205,-2.19518049777229,-0.829066829534523,-1.6367622324758,-2.06354749180413,-1.2731073443947,-1.9269429970865,-1.84599138814411,-1.82924767983709,-1.27042848480036,-0.768095366937505,-1.43057330679706,-1.24917968808666,-1.62483745685484,-1.71509548165694,-0.977165139286024
"CEBPE",-0.930732449605849,-0.286664791681641,0.419800787686764,-1.37192763571119,0.408473981113656,-0.963557187649661,-0.517213339163014,-0.64688811239634,-0.452157743319963,-0.560767728280161,-0.820126517792079,0.533320476751926,-0.371557671635683,0.405391553381818,0.639364722834979,-0.699794571156982,0.431020417495468,-0.472268626217376,-0.744706791591876,-0.190177933823649
"CEBPG",-1.75762563717452,-2.07488096131937,-0.198296563108883,-2.88263028260624,0.17166424934715,-2.64905572365016,-1.30905004711573,-2.39476017915595,-2.59788815208649,-1.72800720980051,-3.3509089165594,-1.35944146439591,-2.13695704806601,-2.21306964899128,-1.50008260827213,-1.98764755178133,-1.60674709650027,-1.29545575335908,-1.98854160617432,-1.74248430972346
"CEBPZ",0.984366595627984,0.878239008590423,1.05777626242343,0.768604005622903,1.2697337414654,0.675943548860571,1.17279547455746,1.33250696600712,0.186748495034716,1.04470041522188,1.10267304590931,1.32284807130283,1.54748913334796,0.639179630661278,0.615036899965377,1.44283092631199,1.19973118212115,1.09795750744484,1.36547806220009,1.2622810836181
"CIITA",-0.724107568506251,0.288934934359746,0.862408181986124,0.623166676406921,2.5867350436758,1.4108050468005,1.23192428003612,0.762147879499429,-0.195451058094623,0.251358480333661,0.733766317045098,0.00847459833877295,1.21887158920244,2.54556659668342,-0.966631434604704,1.22821136849368,1.65347027208343,0.940887465525337,0.799898022181353,1.18337140110659
"CLOCK",1.08185211193114,1.77370191214413,0.823127637931939,0.939933206087759,1.10727227976613,0.782682314679048,1.59582253732362,1.07116871177285,0.511266062987911,1.13737959233133,1.14953618499896,1.80797926500331,0.645252781178344,1.05680625168891,0.949108811183025,1.45250690199774,1.37252496126219,1.43320558689432,0.77747153428067,1.33958951879219
"CREB1",-0.669703851335349,-0.633047593583921,-0.713545831821772,-0.946458907282548,0.647605235594589,-0.795682193266231,-0.569507948766599,-0.676001823257232,-1.52054167422847,-0.276457567500709,-0.677334053978606,-0.206628245391149,-0.590598313881213,-1.46483452408177,-1.34550222245256,0.116035155642024,-0.513032032631965,-0.612983915271567,-0.80221624051858,-0.264808612697874
"CREB3",-0.786119818537678,-0.190426117010401,0.25341049934666,-0.405555152474349,1.03018999047341,-0.313453973615586,-0.153847127905128,-0.45185691935151,-0.612227693688526,-0.401766368646564,0.484573248054051,-0.549643913725502,-0.503527485551827,-0.705728147947265,-0.198891178722598,0.0064947946815494,0.457437847619676,-0.314030079035237,-1.09446428947701,0.216941078849323
"CREB3L1",0.854472938042833,0.759679961118394,0.824221239477672,0.589209238574164,0.254960147893944,0.363075735895812,0.820000516531105,0.362469554329007,0.57511498270877,0.381733931459895,0.728468817904265,0.83670841731485,0.169382863441268,0.639398577638556,1.03463690268842,0.442498031134328,0.864326155353331,0.819611744180079,0.542403280158069,1.0113527111505
"CREB5",-0.268193615568504,0.000923703509853172,0.00418332286156383,-0.0394993310291701,-0.363344925263557,-0.24191805556977,0.124391721620596,-0.0584838698378268,-0.0866578592819029,-0.174941662613428,-0.386229205473319,-0.570857660690268,-0.083304364554957,0.0407737297125113,0.468221923871292,-0.300894942688086,0.176521176451111,0.0829023222264427,-0.215788720291502,-0.462572429118447
"CREBBP",-0.256122832565953,0.0307748879430136,1.10305133275001,0.872109706370928,0.404462952523507,0.101997506962712,-0.0421810039520363,0.334727868730385,0.221374279707938,0.502082190249543,0.478800260221609,0.0334298962878642,0.364419055665932,0.657343282782994,-0.0145801733602418,0.0273299665470238,0.821632530598889,0.0382760082479521,0.504738252639422,0.586918410002033
"CREBZF",-1.10663123527211,-1.14512204144064,-1.02154020569071,-0.547473255543558,-0.990252652470923,-0.725460921353132,-1.10719152018619,-1.05953659180273,-1.17131701198944,-0.706704099733444,-0.64452837662309,-0.565041769865625,-0.666713342371856,-0.22919150636568,-0.605591997054683,-1.0691444994754,-0.794517422693757,-1.22599922251146,-0.23872207592689,-0.46637318487125
"CREM",-2.97741788310608,-2.77504992053068,-2.50409926286158,-2.42603206837074,-2.36589672822901,-2.59798913290891,-2.5409031623035,-2.6300880486318,-2.58969506986613,-2.73606634215171,-2.28029324512476,-2.73643291984357,-2.36860336270623,-2.06866952584293,-2.8535886475493,-2.5856130820609,-2.86163096939418,-2.87210793884204,-2.31527263376954,-2.68321549802139
"CRX",-3.2309792441993,-2.72650578312788,-2.57107652474577,-2.78774702409769,-3.01650066711859,-3.06295093548941,-2.81980890787823,-3.01403012259384,-2.44295025070016,-2.88025520876159,-3.44427312855836,-2.92127981434704,-2.96879194162211,-2.39341757977333,-2.33560944784383,-2.94079595850491,-2.44431684468628,-3.07377011248567,-2.90781977876009,-3.65035575364539
"CTBP1",0.17180140906512,-1.98791426330286,-1.52111631312148,-2.39120572612365,-2.69206276022236,-2.01302594752581,-0.820486340310066,-1.89512727395061,-1.90828388774043,-1.82362035479067,-2.0928791745764,-1.91414106280686,-1.74514907226098,-1.4572696036003,-1.74117989539894,-1.01583932265856,-1.76175240768127,-1.48655981272867,-1.72862322834062,-2.29020576517618
"CTBP2",-1.74819555468943,-1.58502372047524,-1.59915141303583,-1.27631464639067,-2.13609128312037,-2.19337790258768,-1.57652971495281,-2.36764169622809,-1.75379011630922,-1.92347409156126,-1.20306168640211,-2.06939694670811,-1.89837435693953,-1.54433835024196,-1.62217419493059,-1.32880187199012,-0.888982890211115,-1.60586668414717,-2.19881278899806,-1.9472611795939
"CTCF",1.62440079040059,0.755452401684945,1.29517269755249,0.612818912578563,0.951061228142508,0.720660419741573,0.898822315479655,1.09418808254487,0.223137080700065,0.614038920712093,1.15095239967072,0.670923257355191,1.02359976360353,0.899468239221359,0.865648465677606,0.593874202897487,1.51687499655596,0.7286718632569,1.0695066805692,1.12880668850225
"CTCFL",0.551000910476338,-0.404230837061961,0.446551595327707,0.330430939013154,0.00440500764881885,-0.0464411456666917,-0.206862338794024,0.279853300496682,-0.0964084622632767,0.109039522766632,-0.260363949238228,0.118466261948336,0.607577804759046,0.170686110200066,0.105964817335024,-0.314991907449873,0.00878320067229701,-0.0725851613207396,0.418926183371853,0.0892354281466693
"CTNNB1",0.123048548143615,-0.657163193236091,-1.55351093022641,-1.6004804691578,-0.881118994253552,-0.840047243845207,-0.553764447115721,-0.0987744457481215,-2.26315326616577,-0.830519883084257,-1.73593906320736,0.160075311172236,-0.473479867730923,-1.54141696046314,-1.49948259089397,0.610893070192545,-1.29701447455535,-0.496817664490979,-1.09856874530946,-0.157479978160236
"CUX1",2.13948401620634,1.29645415948253,2.09339628063633,1.53718605718325,2.00595918695306,1.27304318983829,1.78921279118978,1.32062205582659,1.15133828004907,1.4508039672892,1.41814442193104,1.46042740919954,2.16881106411243,1.56750141880354,2.24727056142925,1.75574180275733,1.76722641211233,1.41751078402761,1.5617974775662,1.99171898619243
"CXXC1",-0.267245611144237,-0.382069949582411,-0.93641564689695,-1.39983738606121,-0.0818838945853206,-0.815261055590509,-0.0858325450906256,-0.113843926560172,-0.76592142150591,-0.832695051107991,-0.424386253931539,-0.48953060089485,-0.805584632667912,-0.977586509696157,-1.20141460222824,-0.220091881644026,-0.499824844857092,-0.171363380540763,-0.470074477053456,-0.994237533894959
"DBP",-1.51687639652345,-0.950762627763729,0.526522159389476,-1.66825793707437,-0.861598494523962,-1.5213720201154,-0.875319117817293,-1.31587583181044,-1.33091338839256,-0.646246162670812,-1.43961875485721,-1.74755638996091,-2.16284631369428,-1.79126869082452,-1.61548786322028,-0.915635659950267,-1.34773727499381,-0.643746370313553,-2.11311830137218,-1.38244304612148
"DDIT3",2.75170337648119,2.0751819503961,2.64064710804085,2.27175752612992,3.08867263482678,2.22748689938769,2.67485729033901,2.32704434847633,2.16792088119111,2.34092606312684,2.17630033699465,2.57114941087993,2.73616445449976,2.48446867487149,2.79090978179956,2.45945270276588,3.15301821363061,2.07923756412032,2.42396088547766,3.11818435938578
"DEAF1",-1.41623231787387,-1.6423137063641,-1.96144601606896,-1.89298532072648,-1.99529613713867,-2.12565827388982,-2.28526113203483,-1.65459540995616,-2.48593495513466,-1.68636044526596,-1.95053067105627,-2.01778416638431,-2.37751350140652,-2.09041342049809,-1.68214615587134,-2.12375888347127,-2.460524672991,-1.92061186018115,-2.13231717762911,-2.12526912569343
"DLX1",-1.2110100224478,-1.64629643434805,-0.731181560618913,-1.11092458532422,-0.935775439936369,-1.85138837511931,-1.00418910684606,-1.40181086523445,-1.44260494857604,-1.34620994970609,-1.17892670083021,-1.23993949022447,-1.43013033525103,-1.5417139909041,-1.93491755764749,-1.05406811029882,-0.952011471852241,-1.45380570455721,-1.35622838515363,-1.67193843822559
"DLX2",-2.433465913916,-3.40375335337525,-3.37470813932508,-2.58174075507681,-4.08275315772166,-3.46027782831728,-3.52347336065854,-3.54724086834165,-1.80830360331575,-3.2023873670195,-3.02679099225054,-3.3637337458547,-3.18005472065632,-3.3364634366667,-3.18253737891474,-3.57128491011842,-3.59851929695103,-3.37549481038053,-3.81969415902716,-3.81825064166451
"DLX3",-1.49637918000666,-2.219994343538,-1.90652535491464,-2.51782107894861,-3.04265893553514,-1.95168653426066,-1.87968029170057,-2.39512778819442,-2.46504175193619,-2.64045347055467,-2.56554452382874,-1.74105762661136,-2.40552156647481,-2.90235019375902,-2.93633460592879,-2.53161017969919,-2.67474483266136,-1.77396024959616,-2.47283422741785,-2.2383185386135
"DLX4",0.314326675684094,-0.864622099031609,-0.279705284995065,-0.714895724517345,-0.508217453310213,-0.781406346135578,-0.250133271392938,-0.54755389007681,-0.861490317489782,-0.27680643651884,-0.69638701716989,-0.726036051564584,-0.194269259154854,-0.338956936407787,-0.207694147654163,-0.0503051231138287,0.0169590717040514,-1.01900065412598,-0.0387515815429337,-0.342902601522339
"DLX5",-0.307974829807017,-2.02216405260772,-1.4765576404003,-2.32308276636145,-2.650055194289,-1.98471945785402,-1.87116850004823,-1.93606457153831,-2.58656392337573,-1.87790569752567,-2.25219023412168,-1.34763335424781,-1.74682759008038,-2.49213378062939,-1.78829130281915,-1.63168444921598,-2.1470330598547,-1.6436494081152,-1.73946457454198,-2.06424605310737
"DMTF1",-0.0691191590385683,0.489804114556622,-0.456536343478525,0.873575076551302,0.459208969186522,-0.249957901349263,0.760762802889994,-0.107170324072245,-0.882053924268144,0.282282429217291,0.351532670513881,0.162586205311827,0.418318795595184,-0.640758974425261,0.387552241988335,0.33390521519176,-0.0465829328315017,0.23039410935596,0.162409352210049,0.630788730914099
"DNMT1",-0.387467593579866,0.687265049399429,0.644773157479289,0.103903189185237,0.656773173026878,-0.0928621625344691,-0.184183027855175,0.0732354577119336,0.0946712921208966,0.208492616343334,0.208289451022762,0.189842461606344,0.279108311034064,-0.0482010262877621,0.0548988280809295,0.0886916532590852,0.545753360418872,0.130784188354114,0.260012572045394,-0.164844304798191
"DNMT3A",0.121970922745124,-0.502572585940728,-0.0648822137721256,-0.950702065703499,-0.694839591974623,-0.880771616764482,-0.441117150598827,-0.591825980253739,-0.194252354558093,-1.39909397055672,-0.735882098517155,-0.536402216088916,-0.354985806817649,0.0134921271001861,-0.77183238220531,-0.959320452217129,-0.715525524397714,-0.852847986362856,-0.258873939795283,-0.418987706268717
"DNMT3B",0.719640865426301,0.646779524505312,0.208777850846233,0.747993140721258,-0.234532454701667,0.176476118445882,0.57864685994105,0.411585510867182,0.674638345322428,0.171094967371387,0.879882091158669,0.614437562701252,0.597509165281094,0.69877665733374,0.718448740745217,0.435939358527233,0.73036046312035,0.558307669883777,0.599759312691438,0.370651138687454
"E2F1",3.95857959195958,2.50111110251427,3.57121206515736,4.44569094369309,2.69679735771273,2.31726391678202,1.73374015522331,3.17181588855998,4.36438705111825,3.43085681400419,3.43271187977849,2.68475369528015,3.40248642881695,3.30857485048729,3.66093729827165,1.61630966659194,3.49154883780296,1.7855743992579,3.82264977684021,3.53229672520538
"E2F2",2.33851686429639,1.71167964209035,2.69425262743061,2.80117941023336,2.04525005777371,1.96839477418924,0.967718828675385,1.65538982402416,2.90813483142625,2.27351585912758,2.36103757746237,1.71636047942957,2.29851744130278,2.27774549514647,2.89404779364854,1.0080360584259,2.33991443718832,1.46316261190028,2.4042333144235,2.41404414107162
"E2F3",3.22092481987768,2.28020274065922,3.63067530616576,3.52009519672556,2.59108238048565,2.15976144746783,1.71875513733181,2.52317735115358,3.51112248807849,2.91644040791273,2.97024924850127,2.42330855869765,2.98856098584913,3.13436503763601,3.41009827966549,1.73786860076401,2.94117647583395,1.93032028911911,2.74843024697878,3.12798064590833
"E2F4",4.42180818161797,3.54708557560903,4.84209338275231,5.29965803087377,3.92874459076885,3.23214408360591,3.13034484969909,4.08392699913633,5.5107055147514,4.66149276631985,4.49681790764197,3.90810760423094,4.36729197923862,4.64143368002049,4.78999542462703,2.94817933121848,3.83941099264318,2.91288135854427,4.79473239816067,4.79646777240679
"E2F5",0.483915184171092,0.0722159699310399,1.07278132367187,-0.274374533969382,0.216022432280723,0.362720727380734,-0.305767759824336,-0.0357624341110129,0.267963878509787,0.0294875247566359,-0.0945356526967328,0.440061046792152,0.1238681868249,-0.0692040562822094,0.677394561276471,-0.378571069614632,0.379603041929766,0.154410129061766,0.239667225848139,0.149487583730474
"E2F6",0.495469801217178,0.0527032822617338,0.665672693722628,1.03342411567829,0.386368502577202,0.536776492434215,0.602833350627249,0.575389996100755,0.470769909515002,0.892099579731489,0.439464399349401,0.54340633411648,0.330382806067059,0.924909954922541,0.669047725060302,0.591087542638116,0.443753781548747,0.5055346414729,0.909869222291716,0.363470457926881
"E4F1",0.316726757338674,0.18607490201363,0.730681382304132,0.728778790960759,0.804427756342199,0.907261463008571,0.72897755512217,0.503290974060776,0.289615022288425,0.640082836539215,0.309709908114805,0.979528071034522,0.697656890042629,1.00712832017413,0.356646452395954,0.590185643463058,0.319094658559583,0.53013701205318,0.98554798633327,1.01525240781468
"EBF1",-2.50465853157392,-1.8332449871761,-2.420098066523,-2.41377396619447,-1.3763652662,-1.86601155299467,-2.09546842963276,-1.97812716984427,-2.42299464747161,-2.18037436987483,-1.40312235923605,-2.05196074157176,-2.69147213620103,-1.60701844631664,-2.8491103531685,-2.11552407530801,-2.35774215835483,-1.88970700141061,-2.20551471079119,-1.99511645756928
"EGR1",1.66828058549168,1.6882982664198,1.65572750431932,0.38346459456357,1.01776604644388,0.898579359027963,1.36869065362698,1.42972283067802,-0.172937833758565,1.22490082285812,1.22477158017787,1.71235710493522,1.79283143326103,0.37530484925168,1.5453794442529,1.57306680752419,1.62928922700841,1.47671847719264,1.72442475312702,1.85391545979973
"EGR2",-1.0204740180785,-0.0301062307515204,-0.543330404409874,-0.682858155892107,-0.253757069644042,-0.457022543115258,0.0986023140011093,-0.0708344856830416,-1.04491798162495,-1.1308129262458,-0.208761006147143,-0.240516246182342,-0.362625940757664,-0.49478713429462,-0.404050461515604,0.234612690377626,-0.358448466546592,-0.302968181411186,-0.380783826954401,-0.506925578682484
"EGR3",-1.38792048648659,-1.26203564541561,-1.4017365214819,-1.8257700533503,-1.0538243141106,-1.51971156450953,-1.31045117243595,-1.37548718707826,-1.69091122969788,-1.6405834136035,-1.2569945657307,-1.25635893186252,-1.52585532115257,-1.46676069186256,-1.49725313506217,-1.25649881168043,-1.29051503346341,-1.22295953305571,-1.51658054771906,-1.10648713488583
"EGR4",-0.828305582664333,-1.98445343774096,-1.93588763665276,-1.88843513265565,-2.44839478166904,-1.61763829300169,-2.15489023752,-1.77914027299778,-2.06339789313605,-1.69671096198163,-1.68778546312068,-1.468244785952,-1.29345753994601,-1.88161573142001,-1.85729492104028,-1.87480484542588,-2.20726725011081,-1.6856129954023,-1.86525321880427,-1.29831352907637
"EHF",0.999336034539303,0.98939278264791,1.01002256774964,1.18471138124944,1.65326265889109,1.12768813564709,1.39316305188635,1.14716971494126,1.67957789928214,1.28376560627915,1.66869091135832,1.29851994731623,1.93394545499551,1.24830069501935,1.23490378582709,1.19712496610273,1.17124011320479,1.71043568284137,1.50764189813109,2.03482583071184
"ELF1",0.970564786348709,0.92010121491192,1.22484728961362,1.59182819316728,2.71829702177985,1.68653901906798,1.64957406960617,1.91919679325432,0.340906833429096,1.58038099681413,1.36395525948853,1.55314533619606,1.55102316294306,1.77465084668049,1.28517009447064,1.18864223426762,1.88217610045351,1.1097562409477,2.21908187445994,1.36795784712299
"ELF2",0.230559479446217,0.183823935185741,0.407503463721329,0.25352276640542,1.02930823015354,0.31966706152696,0.970152429544875,0.504521185377352,-0.219663412564835,0.332514986198379,0.505621129441939,0.465557939205619,0.232259648287096,0.508476598786502,-0.33664314749651,0.313683311147118,0.581304078764587,0.446249094459891,0.33025819247203,0.639365577648514
"ELF3",0.905249192809714,0.713392494191785,0.314301768974759,0.537941706472373,0.170528093772822,0.568003503773198,1.20479527499521,0.740315994638928,0.710610944561741,0.20082824892678,0.780491382436563,1.46714649915182,1.24973514834237,0.297546865982887,1.22271096442713,0.596038531088089,0.51440307074916,1.72994882085892,1.89665412762187,1.58912089653117
"ELF4",0.529499959349628,0.974218202842692,1.187447371536,1.07490535862074,1.78243965537253,1.09345767255158,1.10802600495991,1.69696688930317,0.389710339614188,0.931571107345765,1.49444381080695,1.01685024492247,0.993483121433483,1.1318290029787,0.929568807497221,1.0578426293556,1.02776625665794,0.674480517911231,1.1604418195855,1.12430529523133
"ELF5",-0.655789392469654,0.672924659797036,-0.158171023674979,0.592921305901722,0.618988611586611,0.377018209423097,0.438941139135055,0.520455502539677,0.936280200243953,0.379533219954528,1.31262065054169,0.495809547165263,0.129513187355007,0.919064245657887,1.09375706720204,0.621476156819301,0.650781364009892,0.344673946629944,1.1065937880138,-0.601190075958078
"ELK1",2.01963077611853,1.93568175472389,1.25182918245069,2.18871896590955,1.26735619707728,1.38135960061343,1.93446955779339,1.05238131286641,1.46772146798153,1.68150292949429,2.10075303862806,2.04380301682474,1.94293194832613,1.83238750024317,2.42692325662351,1.5240639756116,2.19694770822444,1.62707150424517,2.32181364143661,1.83818199122636
"ELK3",-0.0649552366392376,-1.18295992145536,0.238997558947499,-1.38949678403384,-0.224377645712045,-1.06946944838436,-1.8497162293254,-1.58978918099776,-0.94116137549223,-1.51440942640592,-1.59861494369861,-0.92948061024846,-0.574032615119786,-0.695789405432162,-0.143776658277306,-1.6291648167179,-1.0732877651884,-1.2773692550183,-0.84811871960515,-0.583078971537948
"EMX2",-2.05051092017647,-1.33404546254674,-1.60900158157387,-1.95864983083494,-1.50088469257447,-1.31304894373373,-2.20279884135804,-1.76437604193317,-2.53023411148454,-1.58069803047412,-1.31832220895242,-1.63054453054938,-1.74844758829645,-2.0450053932904,-1.7566416487563,-1.36765245990835,-1.39814003841989,-1.3363124159844,-1.80256417985275,-1.65023067084623
"EN1",-0.951049696784907,-0.384285412785603,-0.626661612492111,-0.559253758359764,-1.02400610705403,-1.02954378787263,-0.46076655485114,-0.497445051784932,-1.04234094193723,-0.675750675075797,-0.333708907165379,-0.777068805557837,-0.303151868545682,-0.717421325504922,-0.984277871609614,-0.244269295857117,0.217014000231111,-0.592648919102997,-0.236371359926737,-0.881094661141044
"ENO1",0.0544199182904443,-0.235352553636756,0.0833228808762347,-0.138720470433455,-0.0326290598598044,0.0506906986397533,-0.314527537384037,-0.0213356836407973,-0.24890660703334,0.158568750538155,0.0573651640316024,0.903152565561644,-0.321507898219016,0.186190808281175,0.0769663840909033,-0.397806849151295,0.138312608821026,0.208938896455218,-0.028676452600462,0.88533953556226
"EOMES",-2.45059173876409,-1.5707467831734,-1.87650804247431,-1.17358343474465,-1.03324041646447,-1.51534696524984,-1.51221511133437,-1.4411706477438,-2.04304242767159,-1.65356521289968,-1.09481089748001,-1.11862667974307,-1.5746784970748,-0.945102427777571,-2.31746704452673,-0.746504382401278,-1.36526409429444,-1.72917864279243,-0.971608489992501,-1.32542507295059
"EP300",1.02242558393292,0.620870713041716,0.606528286185852,0.249188765727064,0.228503681758053,0.602005968724885,-0.169199134931356,0.304956396799215,0.0619511215687547,0.775835052322383,0.643574651637501,0.891799013135367,-0.132311215165719,0.0204647094780072,0.679986802531891,-0.178307201231307,0.469880986031626,0.456031271359194,0.474587900651636,0.216511280447171
"EPAS1",4.00985516040709,2.35855147253392,3.03974355650657,1.60407005617266,2.90253317003019,2.23118485987881,2.70671064505745,2.43059136384339,2.26328805852651,2.12722199014877,2.19855991925485,3.28915614285551,3.0195799580805,1.82091488576808,2.53089426571113,2.71158672808863,3.4841433069721,2.66995978569577,3.29848114141071,2.70651646233833
"ERF",-1.14011060291753,-0.435153840097121,-0.505604378853412,-0.53475018561577,-0.870658573697595,0.101365920888398,-0.664964194680777,-0.691159564305542,-0.329109435021303,-0.846596586176006,-0.377129951657242,-0.089013349317749,-0.912160483723512,-0.328648225906851,-0.374780717944734,-0.48390133164612,0.191768766211564,-0.117029292678196,-0.88951604908421,0.0249509322234074
"ERG",0.0330136531378736,0.699656017330718,-0.619598717092573,-0.066727168866948,-0.253906317588635,-0.0372861589665415,-0.190944974244813,0.0740138788266908,-0.80955215544147,0.402720998211866,0.131655426408478,0.365368765275615,-0.293265563333565,-0.745993396947687,0.00158315119471639,0.267452905259362,0.797573555987891,0.593953010005551,-0.307583669129295,0.103254965888445
"ESR1",3.01613295874737,2.40205345590208,2.71577507111878,2.09833232894057,2.54013576274079,2.24470472522714,2.36422829062616,2.59021994991129,1.85031912840392,2.50013930191415,2.05001685303604,2.94064085851497,2.6624122528952,2.47641060272008,2.83613345208919,2.6383620578168,2.75336248770453,3.1120528396221,2.92634022309957,3.03872154796714
"ESR2",1.33166873325733,2.35234843408124,1.54586390482507,0.996284491973524,1.29180592411646,1.52368251067766,1.82459819399936,1.82512257949487,1.34904810202341,1.91035203435604,1.51251279534586,1.97097107811823,1.36194542625086,2.0664975612495,2.25670040284761,2.30428212393141,1.92014066600138,2.05636855989743,1.97744798472087,1.7928425437611
"ESRRA",-0.941148698884264,-0.190200512508395,-0.712957931087679,-1.17805365725414,-0.263600050139106,-0.977963625839383,-0.793162669860397,-0.976529669244791,-0.909697794295846,-0.594293170791808,-0.444780727178898,-0.0786640339598658,-0.498986234838386,-1.08395060387389,-0.389964824137272,-0.822207432960757,-1.30989418832883,-0.358686914295122,-0.688351759352461,-0.87978797438963
"ESRRB",-0.281932058149706,-1.40281938271518,-1.20273981928667,-1.35948478686366,-1.24647604221082,-0.632362690766203,-0.946565736987052,-1.32517574255302,-1.28659055405979,-0.674022313736923,-1.20830529424386,-0.81002043535114,-0.196329340721002,-1.35216081138958,-0.656694243322255,-1.00234639316405,-1.1532607638953,-0.459896971773125,-1.22633099597824,-0.952839864565496
"ESRRG",0.573072527219804,0.627061053955952,1.09302286140655,0.106105740926082,1.31009199842417,0.0246308594725003,-0.071770319309059,0.0714375374724838,0.303384926287514,0.366829661240226,-0.016855920169318,0.566818347687603,0.342181325653989,-0.151188467095258,-0.196825125563884,0.00699229161257929,-0.0208062291565625,0.229116082862374,-0.579203878445648,0.324872067820776
"ETS1",1.71021314301111,2.60398723696913,1.64661057858924,1.40583197186858,2.92876742970098,2.02195763642502,2.67376610010738,2.91165434828077,0.214062461474297,2.44017083386642,2.1629545177181,2.58335369656351,2.3589698018636,1.76686589461357,1.67168096835835,3.06488175079336,2.37859674235029,2.245550971241,2.31223550294445,2.99173853460161
"ETS2",1.37358586562949,1.79554514637765,1.14681882122002,0.908591439456489,1.78625436251445,1.19448459228645,1.85161573677016,1.77836982425455,-0.175186681148293,1.05612009085195,1.35400644529311,1.89261993416409,1.14987794082094,1.06510164762031,1.17288313985536,1.98894753114446,1.53095667144222,1.4722889628894,1.37410758670671,1.92496464579592
"ETV1",0.255501122110355,1.02624373487541,-0.435021811226072,0.198765846698788,0.279549792684272,-0.133699215315635,-0.115535843046713,0.434787500189281,1.36624253601049,0.743892106628648,1.40567707640384,1.51185188538093,1.07358605698084,0.75399951459564,1.52299707591828,0.46201479338876,0.846051951039936,0.20360689178118,0.784569880725732,0.319947546732852
"ETV3",-1.11595923731098,-0.357798333484109,-0.869601802785342,-1.04343202510094,-0.679701714399637,-0.222688652630026,-0.729858170007531,-0.674610182116887,-0.58124340771831,-0.996458198618165,-0.621600552627359,-0.965683520709442,-1.07598286972061,-0.637101232168247,-0.874492204768135,-0.670285202615216,-0.57760268869841,-0.411719779167393,-1.06008960082424,-1.20313105538906
"ETV4",3.22917573402183,2.13881650641751,1.052193553458,1.46440565697675,1.88705440905128,1.76984169879441,1.9446559649207,2.48055407959741,0.754025749333273,2.30161706503631,2.14774557559122,2.52735487588037,2.8775156229252,1.56426949096156,2.53669615795104,2.34692981483734,1.92951607917259,1.80851531191808,2.34359197165578,2.21300318592981
"ETV5",-1.27691267489108,-0.0606407007215686,-0.808889629163523,-1.01784206000535,-0.204189748929738,-0.298248034938308,-0.265159061877522,-0.364888672706679,-0.699595968705172,-0.919846082105376,0.311314833664269,-0.273925239417468,-0.427586132246238,-0.710830099475291,0.391082834261763,-0.20266841610116,0.217738776624473,-0.585224166128495,-0.622225211623233,-0.18843532270109
"ETV6",1.55845513616277,0.316525952119777,0.645918538498521,0.106769663261296,0.386677038078086,0.886067411689538,0.747373355225176,0.641462514475833,0.366208596366284,0.704426482068971,0.90258203798475,0.745826668500692,0.694412717882569,0.352691643824961,1.22093042467637,0.887670790821829,1.33376003340363,0.866677342324229,0.743556808893819,0.984911210691134
"ETV7",1.76911395901894,0.930536443916063,0.620927690025225,0.469086300219149,0.88534514356267,0.48580731772728,1.33334720162715,1.04306536545537,0.289599159289106,1.1570736778078,0.38769723631575,2.02408420265117,1.01840078968747,0.658207023922968,1.59410488723874,1.68640974074765,0.380385823476293,0.509404275442668,1.10910223890424,1.66023013656097
"EWSR1",1.38003804978351,1.13303991586181,1.80232552217486,1.21168527321129,1.22000476367789,1.41880868872426,1.58405668966394,1.24578847080128,0.759317669078655,1.18992160052539,1.37637813135662,1.65105592757389,1.34265625454679,1.3596352815243,0.853222907376991,1.2504824812836,0.934193643472676,1.23198349410506,1.694290620452,1.45901204163592
"EZH2",-0.26362814482755,-1.37245323156281,-0.709699776937898,-1.0626844003614,-1.35776502144834,-1.07987785155586,-1.40086492247166,-0.72169735417385,-0.692870046975434,-1.38528815602834,-0.972907422107217,-0.952193475921453,-1.07092567222753,-1.23645618713219,-1.23051359521066,-1.34694254756837,-1.12612620755285,-1.48461254459162,-0.413847774753115,-1.24057595131462
"FEZF1",0.0970127409267321,-1.37941639236626,-0.745674404386374,-0.454897285524408,-0.770960943139805,-1.88033258182912,-1.15076071016594,-1.23748128870713,-0.312002680724916,-1.84936653065721,-0.722607294312909,-1.60969430323532,-0.29252936503171,-1.3374246059425,-0.693380667987071,-1.92457961818462,-0.67451963197404,-1.80715402342716,-0.659494450167591,-1.07232221827018
"FGF2",-0.705338168855882,-0.204465978650661,-0.62192943332122,-0.415244496292398,-0.852381864172673,0.051247331196074,-0.641001467692321,0.345160642635264,-1.23039060381382,-0.470791218594621,-0.507010297429689,0.188277644431637,-0.108659612642012,-0.964771806143924,-0.727130553078663,-0.188305520492848,-1.39775560138099,-0.346965872687086,-0.546529943457332,-0.542377512122614
"FLI1",-0.34923591688109,-0.0150392916312222,0.187686738685702,0.236792505116303,0.578560731593805,-0.332746961358894,0.251486176561696,-0.218153790103812,-0.880649606964606,-0.378378956322448,-0.163922963025248,-0.511662994323048,0.240885474089737,-0.0891755148912887,-0.893709571926981,-0.29784192814549,0.133900520909368,0.0857379927523634,-0.383545131488292,0.26808810403311
"FOS",0.71313023159811,0.892184854191602,1.20248916768644,-0.440632030998019,1.22119164440697,0.340936882424341,0.981548244266627,1.10559933963436,-1.48446569915348,0.242721319450552,0.5114163107302,1.25406140022921,1.07610745724631,0.464419147915255,1.15872836209751,1.12220809817789,1.07595448391937,0.630724571654632,1.11895157717559,1.57470821184204
"FOSB",0.32867106471442,-0.296211709226288,-0.460023989841687,-0.641590896081693,-1.14268657189203,-0.167822543382345,-0.0647087377732371,0.700642646329526,-1.01568519883849,-0.514095959377581,-0.157834194717746,0.747416950561865,0.673903519886837,0.0963759478845184,0.539324274837711,-0.0395586359799133,-0.1087093694708,-0.0496483748486496,0.376059587008405,0.643200030720356
"FOSL1",1.65584808417491,0.186278720654405,0.258709217710412,-0.733777442768087,-0.0406304703227865,-0.24351198581901,0.145900942596838,0.591214938081074,-0.632151946772213,-0.195374554991998,-0.0504982072014357,1.25964425322787,1.00645561455381,0.105585356654158,1.00460549981504,0.4286428656769,0.35591882228223,-0.365677109630158,0.612222038238082,0.764302310589882
"FOSL2",-0.756033467433558,-1.69655019452572,-1.47845510332443,-1.62293127692151,-1.35158646623374,-1.73161103650667,-0.765533740553871,-0.883103943051082,-2.37201994768181,-1.66428411670213,-2.1191720428512,-0.785905335990081,-0.988191669309867,-0.645779981750323,-0.916482278384992,-1.48686890019002,-1.47520192596112,-1.66811979619912,-0.812390740659562,-1.19481400236882
"FOXA1",-2.81464327552388,-3.28204323970025,-2.78500496139982,-2.99902451530903,-1.7606855981094,-2.99950261615468,-2.72643772572704,-2.87516595889347,-2.65174056809446,-1.55752645000346,-2.82036163366953,-2.92652729528487,-2.49390907614389,-2.89264134548756,-3.07408355164927,-2.64061876827842,-3.46197624042838,-2.31118617210986,-2.77853472283876,-2.93729009226667
"FOXA2",-4.3474345903817,-4.47625003420212,-4.37448228061946,-4.08869550971266,-2.39767055269991,-4.43420753889082,-3.92664790459798,-4.56580326155161,-4.18891045911265,-3.54555922504739,-3.97517177040428,-4.16062224123443,-4.78089638940787,-4.52836114358871,-4.93892517952891,-4.04668344018964,-4.80276510935542,-3.84000457897252,-4.1947878137702,-4.59980945830974
"FOXA3",-1.58707279646309,-0.901138812970585,-0.389194013483209,-0.413557379738303,-0.0970972576731028,-0.658212966710656,-0.603833863377507,-0.723862255145326,-0.116533701036294,-0.290691213607553,-0.606497142313504,-1.19579511013241,-1.57098583086192,-0.244112263778439,-0.634175126245216,-0.0986505596627811,0.194962801119853,-0.57312959055202,-1.11037645876549,-0.485022911151983
"FOXC1",0.358841555638076,0.119958756573768,-0.293000654618629,-0.805527569636661,-0.109526769742749,0.26177855165665,0.120146665195084,0.0458021005167816,-0.884675455609254,-0.245423292071598,0.198399880000061,0.0284268995668413,-0.35951463431982,-0.642098453945774,-0.186200828932072,0.45159530013053,0.166085671582257,0.701981845210463,-0.260730955409863,0.4699566562384
"FOXC2",0.573846526064649,0.702389649666058,0.143019889700971,-0.130565658657591,-0.0991048889521869,0.508577321771788,0.511880182441837,0.719523593758431,0.13626673614489,0.545296116435459,0.365800939489635,0.928930399902566,0.250199391488879,-0.369516067168599,0.146374425108112,0.745089594435027,0.510893026667013,0.824117038377027,0.108204880820669,0.632656866875184
"FOXD3",0.784537121443337,-0.330172679265342,0.0921806431842768,-0.282813960150145,0.538670039773569,0.674336337515245,-0.258527924599464,0.232172568466169,0.293539422796643,0.430208646251485,0.158726800194128,0.687061354185769,0.297050756114105,-0.0057861083630426,0.0249256830930308,0.117222953832369,0.322222013922349,0.621599868129734,0.264988146186756,0.145592657336331
"FOXF2",-0.551702792152358,0.334985083994743,-0.867256652416989,1.17362634019937,0.317997327722562,0.884126705620811,0.288783134397081,0.436803204282249,0.182930048062243,0.236627822563052,0.639963837161327,0.378207840925395,-0.280152526516819,0.833159914033345,0.170179323849535,0.354537891304782,0.83482439664173,1.02160537091949,0.299344290007477,0.564847195063845
"FOXG1",-1.61447069335943,-2.27962960861885,-1.94077370349605,-0.815113252699394,-2.10941650751545,-1.88368820605239,-2.32604482251198,-1.71214082561449,-0.632513538129367,-1.98726217370009,-1.35035461031348,-2.03658090916664,-1.42617694701783,-1.56550618280198,-1.28978184541979,-2.5613982058406,-0.760558103345073,-2.03643683219754,-1.17073365197523,-1.30163328803024
"FOXH1",-0.0956328038348273,-1.00354563506723,-1.00480215456861,-0.743735409302577,-0.20859180940905,-0.662205398245638,-1.19195777129593,-0.451685380333298,-0.887467254298144,-0.85585118907013,-0.811504315631771,-0.484999413527578,-0.987588889816097,-1.29152615379654,-0.928982054029573,-0.749558801786185,-0.700125686985163,-0.706265485733496,-0.78186046271541,-0.741999493824373
"FOXI1",0.548460987573899,0.433787069526985,0.661099013958815,0.749000580756,1.18451249713065,0.858463115448676,0.548231558663604,0.564552435895475,0.938767455517846,0.728441367728741,0.301815700225225,0.741637155998763,0.524619596304748,0.176138223674991,0.863137948691687,0.229250827011794,0.559325560648759,1.15001656284679,0.806887708343608,0.221526878161586
"FOXJ1",-1.91867088576446,-1.98459112756612,-0.932452831724049,-1.66334351040015,-0.892887891964602,-1.90678576908595,-1.76575750529374,-1.80535639534119,-0.308069788164991,-1.44765923001313,-1.45643187355666,-1.79042922734199,-0.876805846052021,-1.8044008980787,-1.51096760234484,-1.96671572712236,-1.37427003610987,-1.62629128225162,-2.00639795309575,-2.67562907219096
"FOXL2",-0.575882888124938,0.0509329154491818,-0.537359681885098,-1.06389764379927,-0.129625258208722,0.0111048558930026,0.0976726519678319,0.00494871612143536,-0.353950699550024,-0.164427957238645,-0.277138417922246,0.232281172304557,-0.841551105997185,-0.461737761276371,-0.458948792969054,0.257152252048643,-0.628085029678737,-0.142966694559884,-0.66266812801379,0.0881449872710255
"FOXM1",0.502816631332696,-0.0395492113532209,1.15562615432195,-0.344001400327958,2.14065600321849,-0.15920780643705,-0.275693300108657,-0.100913851142243,0.205679480947388,0.143945979653253,0.0398135410395002,0.104265369930323,-0.123888039753886,-0.0141805303173643,0.213749758993471,-0.471329770125073,0.160238718042348,-0.139522038760453,0.329134968927001,-0.0719055152862446
"FOXN1",1.02527483639235,0.936793556594916,1.06246126857532,0.549592062492988,0.483283002527818,1.0483843889857,0.819994152805945,0.977726683566249,0.795542257802866,0.791014861738882,0.924615332404785,1.40327163931239,1.08209995147295,1.10249487001262,1.09329235719016,1.0666274539636,1.36363955372961,0.760147181204807,0.80388388670417,0.871316819083416
"FOXO1",0.411502290224587,-0.24480405852636,-0.179812451779544,-1.04167056365581,0.331587501409679,-0.318977164481596,0.18561783771201,-0.188423555342765,-0.595274013296428,0.110568623138409,-0.387682276804453,-0.1375377188034,0.137176418125409,-0.870238439738507,-0.0137905749852337,0.854918230234654,0.309401349120008,-0.0346454003238302,-0.259732703399862,-0.283727903944008
"FOXO3",2.76390899273971,3.10572381804979,2.23607526889085,1.95613821665358,2.26944482401834,2.69612576289569,3.79128155366307,2.99016378498676,1.80963353447535,2.82195763317063,3.0265529564779,2.45234301888493,2.53052379662877,2.25843707167992,2.10837013877203,3.93524111381936,2.6878211969884,3.28761314160321,2.25761731636212,2.25739936644931
"FOXO4",0.658980161517491,1.26799547865554,1.0085123731938,0.20612678617011,1.1746726762481,0.978860698140106,1.2380780183601,1.23666070727271,0.421412995128703,0.654881635578981,1.16522343933199,1.23040944750387,0.872358809250869,0.6875288673661,0.791369149358669,0.980218969723125,0.941603391825283,0.70143027569724,0.511581326218714,0.770655022270122
"FOXP1",-2.8379007754709,-2.87847500968633,-3.16412532120465,-2.75645669943345,-2.97264849092869,-3.331918315925,-3.01745823664092,-2.66987207804194,-4.25249693667124,-2.87361566273897,-2.62428996249665,-3.05722155938103,-2.72409109242635,-2.77918978893659,-2.7723148257008,-2.6739303749112,-2.70560253099203,-3.21179357881939,-2.83866425306642,-3.31032488544631
"FOXP2",0.754258498610943,0.244366564020017,-0.150047953953444,-0.46107542871692,0.106915923054209,0.131490485707414,-0.0256007507374629,-0.111377891947624,-0.745035442502716,-1.02044706224989,0.318681988764298,0.386209051877389,-0.358967506350248,-0.319431932115472,-0.013186049013389,-0.809080019263184,-0.234483070366077,0.201822316866547,0.187518354547589,-0.860861182355065
"FOXP3",-1.75024627056187,-1.03305883203177,-0.695486525307593,-0.811772462629215,-0.708251844011516,-0.51110407809174,-0.713618711088208,-0.769992926950436,-1.4302715380604,-0.850370689420669,-1.0882683551436,-1.47500997350097,-1.31542439310091,-1.2062225853132,-1.09679118590791,-0.874568180351303,-1.09790606486746,-0.531121552782586,-0.938052222507605,-0.680832687639749
"FOXQ1",0.459201372723317,-0.453616753845442,-0.744463415212132,0.144358157726324,-0.12271277312138,-0.0448441005767226,-0.0217843585415749,-0.0470465654701737,-0.912017935364415,-0.0437590468484651,-0.0872548300003209,-0.123827474494781,-0.357509249935297,0.0353497573477808,-0.0277168953278506,0.07625282304345,-0.218198774674311,-0.451352545701492,-0.141501390037202,0.332076514752523
"GABPA",0.355033343282204,0.469464511208207,0.881498358267644,-0.0375918264153433,1.131997178012,0.597725185828032,0.613855273195053,0.445952885722298,0.0635984369454051,0.508569426142275,0.759784000691885,0.228640026586566,-0.0304884888385361,0.67895135808451,0.124182792152944,0.160653384401275,0.566062224877249,0.538653239512602,0.149720211853926,0.473842274120298
"GATA1",-1.65066653523842,-1.5099796425978,-1.67546595226449,-2.07597228576681,-1.38839553123178,-1.72379424015497,-1.32608638021973,-1.48201579372766,-1.88143363110178,-1.52580544815868,-1.49024605359405,-1.73830667683831,-2.15124026961449,-1.50868605290283,-1.57637494835065,-1.23785114855373,-0.542269874561249,-1.67989227064572,-1.65042248931579,-0.814589144714806
"GATA2",-3.62215295788363,-3.15833402771832,-3.32751575387448,-3.56290730870955,-3.46685135397242,-3.36594846068685,-2.86894587996829,-2.84298817987163,-3.36338792612149,-3.05156307094731,-4.00590600956438,-3.13370582044324,-3.64497226479333,-3.44520224668728,-3.40914644037291,-3.06597813060654,-2.94385949615723,-3.07100769368627,-3.67074088144313,-3.15702523799096
"GATA3",-1.12558077214303,-0.379229993734491,-0.948623654356265,-0.405795714976788,-0.1460635417527,-0.224699999552497,0.0735453254723399,-0.14958973588647,-0.582010321000268,-0.581662185484102,0.0875865280128325,-0.444834825390618,-0.97869388948558,-0.234300291693181,-1.04420195458498,0.179814607051218,-0.234464405731451,-0.563263979225526,-0.983617012136761,-0.512157149962082
"GATA4",-3.46447470664652,-3.2413024568074,-3.13307674509964,-4.3993782649984,-2.72824695617575,-3.67560069221192,-3.27066353208923,-2.99617217176907,-4.08872668240592,-3.01298775739241,-3.57055600852616,-2.88173693116128,-3.84115139026611,-4.18558794006994,-4.13585643719846,-2.49712017632731,-3.51921569523565,-2.97489298844241,-3.83514196040291,-3.75485843860204
"GATA5",-3.2841559464119,-3.27494443599719,-2.85315137188217,-3.27040885539521,-2.08386194658548,-3.29622831594288,-3.30388595675016,-3.65087107564843,-2.49964872277532,-1.71999504428227,-2.97265959296612,-2.77213179526451,-2.42096487683329,-2.66398274986386,-2.62200450671576,-2.6281836638199,-3.39247457539861,-3.35710282443551,-3.57759601562885,-3.43688975427796
"GATA6",-1.96851924211391,-0.645802839995662,-1.62176192415126,-1.77614819614665,-1.59903227137909,-1.11888741906312,-0.985860834265801,-0.840124199676571,-1.49116724616388,-0.610726406717929,-1.71478398868083,-0.301049258564242,-1.68471299870465,-2.23950215291148,-1.95036768366321,-0.2098977602518,-1.4191848095252,-0.544129271252037,-1.6720171679191,-1.74317492953139
"GCM1",-0.938400631075004,-0.510163656531371,-0.630958819038214,-1.03139939615954,-1.46864001170558,-0.828906501376296,-0.699163771275463,-0.778465875983518,-0.775853310321047,-0.893704964717917,-1.12623838082327,-0.190720876540094,-0.870717111780404,-0.829189820211204,-0.349211768577509,-0.397600966753327,-0.820619170751318,-0.525309189655598,-1.04113417395391,-0.599236833094865
"GFI1",-1.14512465862554,-1.50794640944211,-0.940315220661021,-1.29959463230068,-1.82328802520306,-1.70657497816083,-0.86245744326767,-1.45489953102263,-1.60805852170808,-1.30652884489193,-1.83457066725631,-2.00842116359306,-2.02046154804371,-0.868534825100868,-1.50707630474573,-1.17958748353343,-1.44062986779084,-1.45944894683703,-1.50625458130683,-1.41044792778697
"GFI1B",-0.413922551284299,-0.314260702782936,-0.775604469593931,-0.879594947449036,-0.309263547256855,-0.931101493188189,-0.731702821076891,-0.680901174239381,-0.773726942131715,-0.793255295038966,-0.673689048251408,-1.03755882852816,-1.03636142947595,-1.17099228138073,-1.08997092345529,-0.499935105671905,-0.513067244206387,-0.645628700439741,-0.829057900150177,-1.06857135095717
"GLI1",-0.73571932509619,-1.63436244884407,-0.97272107347264,-1.89845415775494,-1.51256705124065,-1.45343772193589,-1.56765301202545,-1.04268283703559,-1.28706838626012,-0.928760728520006,-1.58597243200528,-0.570402573145407,-1.41000107576014,-1.55975367757074,-1.57702272464348,-0.910411813054759,-1.67532121672191,-0.918840081996153,-1.01285797994087,-1.22707756069823
"GLI2",-0.920769924674533,-2.11090337156231,-1.58722385552237,-2.23418075090881,-2.3719015285707,-2.39030938637238,-2.40956722665171,-2.4298316466875,-1.61071089879891,-2.3013829632075,-1.95478282489874,-2.62724704861507,-2.29409056545719,-2.88005197716204,-2.08046066194505,-2.65362804082414,-2.29800165422227,-2.1650357085413,-2.12791943168537,-2.50623544035586
"GLI3",1.69946349410368,2.0241428723413,1.87034214566503,1.73667761533139,1.4198610955657,1.80173316556191,1.97462071416016,2.33700591788942,1.25962533136671,1.91137407039576,2.17507587963358,2.5140539537668,1.60249464404764,1.61265659104873,1.76561314892944,2.68309889476478,2.28156953804107,1.8443376854304,1.95760179860731,1.57706402232806
"GRHL2",-1.65107626166227,0.567821275253431,0.0615837381029897,1.54187611580681,0.438613516246851,1.33940667471447,-0.229737740291442,0.631723051898371,1.73769760227204,0.833787455539365,1.24434004798059,0.808512371603101,0.705102434082153,0.873526391045611,0.888448365893708,0.137281033620746,0.910480328496488,0.479796621185654,1.1758334582927,0.955544143792322
"GRHL3",-0.350691254113868,-0.0264288538486579,-0.120959359917532,0.307928199163378,-0.293771201438288,-0.0346242574783718,0.219103613509865,-0.128684236575653,0.292490211031161,0.205192098380127,0.32014367561517,0.160159806382942,0.496916415203999,0.421131106405334,0.38226313593851,0.232152141599782,0.25603765179721,0.0582849435806345,0.259171872910135,0.183819499566356
"GSC",-0.287906333940429,-0.526033475210531,-0.910500657506046,-0.553907995310306,-0.137735440724559,-0.582963569605527,-0.76491468355149,-0.82886406078472,-0.142174373982237,0.0254358651449112,-0.145081864539104,-0.745905943652413,-0.700903383188122,-0.794740299279202,-0.717447970329703,-0.413534823307713,-0.0376693941085889,-0.324158594750038,-0.748089643104052,-0.152373189896774
"GTF2I",2.46509945334155,1.94599179318603,2.05815949017636,1.82252061048378,2.15490045005346,2.13376828991905,2.36985299556341,2.33841480060603,1.23044775020968,2.26687371295135,2.22110818136386,2.0838204578658,1.89205326731825,1.80696492539534,1.78538099368977,2.50039786420784,2.6013125867026,2.2005504010299,2.51494674140312,2.22048725189763
"GTF3A",1.53911337364238,1.45110050399172,1.73660233964199,1.1829069641448,1.63885491638891,1.3431644086854,1.53631642205949,1.60906573876666,1.72730074460237,1.30556897921121,1.40675842173781,1.93226899645441,1.61266812670967,1.42351365559541,1.66181254218397,1.26343576569972,1.49671265935379,1.43137216866087,1.55212610884528,1.57072893717059
"HAND1",-4.22735209421098,-4.05275467134456,-4.02441168355527,-4.113162682619,-4.42117424406214,-3.90525541628634,-4.19493563241887,-4.04492343055878,-4.4669065289611,-4.107344078977,-4.29982641946751,-3.71651856750327,-4.77916184374178,-3.65892656860793,-4.2154576597924,-3.80113548497548,-3.94702805076674,-4.26478688353863,-4.17482559128201,-3.66202510256956
"HAND2",-1.75234858058974,-1.16730070264484,-2.58006385215961,-2.65800847864508,-2.4196567061235,-1.5524062226477,-1.42822207110891,-1.60301989594886,-2.57866098470683,-2.25077885087823,-1.75843557113399,-1.3518872519429,-2.45821370629078,-1.94750421481757,-2.52442308163797,-1.01216884435176,-1.55539284917922,-1.86076898230628,-2.25981589659616,-1.91768982036254
"HBP1",-0.573149417035282,-0.425598028649345,-0.862457860735331,-0.368819038044024,-0.500954654312218,-0.268430976060863,-0.134064430533959,-0.559834829133914,-0.372893451141755,-0.51887155127318,-0.570377255613027,-0.192646773138076,-0.547192930924804,-0.345257853966265,-0.11074257444282,-0.241367610717633,-0.217248935608941,-0.00303806514992787,-0.444432745700741,-0.394323375817683
"HDAC1",-1.4742720547751,-1.75783422849195,-1.54046480690169,-2.04406788718664,-1.78848084084297,-1.17624946424483,-1.37929944258765,-1.52386387073237,-1.40929742313112,-2.12150500214737,-1.69818839296655,-1.8414238503191,-2.24219887863716,-1.77715910684326,-1.42659229598706,-1.10615089532631,-1.56021320659859,-1.66710392665833,-1.19959764667282,-1.9764319465454
"HDAC3",0.261031465380344,-0.507417306976575,0.714364126661709,-0.611089612603111,0.374502267430876,0.222850443240967,-0.100756288744263,-0.0232485265642168,0.065663024068165,-0.00361507994579348,0.300521108308774,-0.445733699622021,-0.124124011887062,-0.174996198520672,-0.259420510278623,-0.0532801591179869,-0.158498792768882,-0.176875230631956,0.0856170712326681,-0.0430828988130528
"HDAC4",-0.0809935064939542,0.0663007933533758,0.690949604907428,0.105370962933654,0.252800302490997,0.432201276823058,0.418893521150601,0.0322594777313756,0.387088670461309,0.569118899991675,0.233423756195789,0.0634066954473652,-0.0228197329198477,0.218599793390844,0.119468150595993,0.11473547811923,-0.185060910476887,0.289896090853714,0.548817122831763,0.47236356681536
"HDAC5",1.9038012391879,1.45870232898938,1.95178365824884,2.62486106926865,2.91572470539501,2.40109771823609,1.62652051393839,2.1112801662966,2.12289688009936,2.3698582460632,2.36521208968274,2.03340440375495,2.81384675344641,2.25264707767032,2.24530023856064,1.49570150783394,2.08132843119857,1.80706688269174,2.94995887147558,2.2374048649618
"HDAC7",0.0135088099245738,-0.242386908063563,0.705646406031792,0.31347202835287,0.766564552523851,0.343760061804285,-0.521611764373532,0.0180713586484934,0.317573318326206,0.33260946113018,0.337919135779261,0.24752955934945,0.563335616703721,0.607045804369738,0.793164178412412,-0.118589655263169,0.334071714958265,-0.181248279519591,0.265439530955759,0.503181183253913
"HDAC9",-1.21718527784886,-1.2021471041627,-1.42821911306697,-0.759354051739804,-1.68747445446805,-0.792474010094822,-1.08071551192756,-0.496101762297049,-1.1136526212296,-1.21381921499883,-1.2054637409362,-1.10700654150218,-0.664199467922895,-1.03099198828117,-0.450915564982969,-0.982386580025841,-0.980716473680575,-1.31348230641658,-1.12987152089852,-0.968489941333403
"HES1",2.15611456188022,1.57749222936671,1.11523974900818,1.20176128187134,1.82699959825634,1.58244129601293,2.1046212375859,2.03231049022404,0.747662157385078,2.11650733438811,1.57994303958814,1.92791773621121,1.91013178139987,1.8818149669005,2.13923501342292,2.1712220476425,1.70663720596112,1.5154310438269,2.12021664024484,2.03889396761522
"HESX1",-1.03887754956862,-0.951759930409395,-1.44120407676647,-1.26789362619188,-1.34903588772644,-1.52487719746361,-0.907140212459314,-1.02716803432461,-1.23704762357843,-1.29534708914471,-0.744881107565886,-1.13514953502543,-1.43334746194143,-1.19657615950542,-0.911206771918668,-1.10068263232352,-0.383258988948168,-1.2820426588789,-1.21086069239843,-1.53512478396784
"HEY1",0.669499661680945,1.05534531878102,1.11627744170875,1.78346456812164,0.566175660868354,1.0109941158723,1.07436484286514,1.06388367000875,1.08169628279158,0.928008399703671,1.08233054391353,0.8825593731462,1.14784494198738,2.23314481014881,1.5286451504157,1.07959072871943,1.24249533994312,0.407728524696805,1.25157140543371,1.36563063234714
"HEY2",-1.12499681629288,-1.46479718688631,-0.84610533932644,-0.876352814618578,-0.953192070407233,-1.20826017320005,-1.10850361389809,-1.05557473054797,-0.539056480992123,-0.71816310435454,-0.961479333777751,-0.961908979759386,-0.767578358734443,-0.947680589258364,-0.856011645727367,-1.35569547377763,-0.898943081280213,-1.29880600059894,-0.630737254898209,-0.964921357845477
"HHEX",0.488686200195205,0.950237518125073,0.738821446165841,-0.0872539216127104,0.32230042556088,0.522375837332665,0.312476540518893,0.8235800188231,0.635954773231397,1.06491745128329,0.467776549349061,0.831195208320003,0.580390514910596,-0.388752955669905,0.639000126507414,0.748500763334579,0.631315317798464,1.33369590924683,0.553666665376411,0.687300692438438
"HIC1",-0.181049650087953,-0.160524166224444,0.253439071702964,-0.183082508504647,-0.394399991943562,-0.51035565329091,0.0954695586324142,-0.075820702115995,0.51764465554792,0.13031460809049,-0.210516436399724,-0.450141505856602,-0.118989462995635,0.208961425443512,-0.0657773891296169,0.359757593438161,-0.106604568872218,-0.210481165236807,-0.440992769860342,-1.02430812974977
"HIF1A",3.80363396643619,2.73752146764486,3.29978305901161,1.23617626313361,3.75474305925004,2.33047142383634,2.67089051768858,1.88714960237384,2.0063668312138,2.26832742551296,2.36098821179588,4.21799609067997,3.3437374283382,1.61036333406417,3.74787505201061,2.27413714484644,3.39868664629869,3.32649191078244,3.07662618933658,3.72323111174983
"HINFP",2.48074891112106,2.04768087028124,2.37877584401102,1.93031756267855,2.33536377528617,1.83707678858102,2.05586621024278,2.02957533662529,2.09126219344054,1.89123312125931,2.02738004614815,1.93387083869427,2.10379452744716,2.13595551604457,2.02215412130895,1.98927233454162,2.40839094295645,1.938304125189,1.96066297801332,2.01625040719902
"HIVEP1",-0.421642993236576,-0.388663750459968,0.993802343145282,-0.266157195247708,-0.177091615467546,0.738210262782239,0.379545548542717,0.244299895305918,0.99879855169803,0.262447155602289,0.352335607443069,0.276740114683195,-0.576680325470831,0.216438537015839,-0.0100256490885822,0.249013676740564,0.682921710856879,0.643710857288898,0.0814584265339087,0.570980628213545
"HIVEP2",1.34366306043453,1.31406960623595,1.96390989479264,1.18413706536255,2.48335610050855,2.36024486999553,2.07952013290799,1.86354192917078,1.1396577978777,1.78192519160417,1.81639840302513,1.28026960021236,1.64702218407219,2.37570549814656,0.940711450650353,1.69999930402846,2.42529260217975,1.61643670194083,1.74101410451802,1.42417959071559
"HLF",-0.886122037229778,-0.894748135012273,-0.924575407022066,-0.42982917211261,-0.691252163482354,-0.585927877920209,-0.60956514601866,-0.6685230879573,-0.762081102646155,-1.08715791340311,-0.551545876374013,-1.03108536240885,-1.32819733180125,-0.701467442242937,-1.11907847897774,-0.548441063108987,-0.234656541090678,-0.566530590401659,-1.11903267974073,-0.622324691326753
"HLX",-1.13834168917213,-0.718320666399883,-1.19183578885959,-1.12966923457502,-0.723336965185903,-0.879969056253758,-1.02000357110521,-0.597895653366335,-0.368058342328052,-0.9530650687037,-0.653012159617386,-0.550036596686683,-0.956609038442356,-0.465430192234919,-0.616153423053059,-0.424385786830051,-0.606100704615103,-0.729855027285064,-0.706512965473135,-0.511778424361016
"HMGA1",0.91296348314039,0.785550166199567,0.568779409199948,-0.1952229421211,1.25919186641271,0.623483496958454,0.743991379568778,1.03932897368286,-0.548495363829047,0.325327967743418,0.498401107261236,0.378372921405647,0.474942655893615,0.982281733089131,0.172823999456195,1.1076313928906,0.721561237499898,0.277805861141701,0.549099693492921,0.83325023602594
"HMGA2",1.08170589069055,0.420065414583994,0.156603668592884,0.541295035325912,-0.458149860049993,0.520633767794954,0.644929497558474,0.867210896537039,0.383908636674688,-0.0516779497227978,-0.303835760881151,0.789369923163957,0.522697076299286,0.131322268560266,0.402805576538473,0.625485284450686,0.520620229783997,0.450347436492643,1.08812824772784,0.580666140021013
"HMGB2",-0.222951969118945,-0.217012430565245,-0.396034363453891,0.630690556100688,-0.234986699072488,0.115212869843945,0.0601836288262725,-0.0877406126428454,-0.0764022235544897,0.0555160039939844,0.0976164151625328,-0.27622655262584,0.021486892681993,0.509626712776765,-0.19924095032431,-0.0195325364053754,0.0179408210428085,-0.367004827257929,-0.142464881506646,0.10790805878859
"HNF1A",-8.5479473333844,-6.00340102549781,-5.00274300939615,-7.21634996504974,-1.2119813992437,-5.78651142730849,-7.11151148773181,-6.64532151536711,-6.90970584296617,-5.02269451699482,-6.82129837935045,-6.63041364146636,-7.39114113768052,-6.61703481032799,-6.69832121673492,-7.14294259347986,-6.90121885813006,-6.54184272488591,-7.24309137656125,-5.82224899313724
"HNF1B",-4.85531726305899,-4.10942743480749,-2.93786429802383,-4.5829870256887,-0.542344639039313,-4.03091069408624,-4.98795760520448,-4.35364328806512,-4.82396464524736,-3.96914091567333,-4.19788348264863,-4.62025041981343,-4.31153736750661,-4.8934080283194,-4.72359718260379,-5.11516629653836,-3.47519891005645,-3.83093410222239,-4.60879400302356,-4.07931216203373
"HNF4A",-4.04944666429243,-2.88017896554645,-1.98694078233503,-3.27816610303064,-1.53474838569152,-3.34594934464543,-3.69206868596132,-2.76398736934728,-3.50044776641902,-2.72719669057985,-3.56825490689546,-3.42552705065325,-4.19660297264108,-3.31137942257347,-3.23828368009759,-3.49525970512933,-3.29624311024787,-3.05448630139682,-3.50978981832651,-3.05446963900672
"HNF4G",-3.08899639879081,-2.75749773041176,-2.36001458754855,-3.39668605149956,-2.05072666052065,-3.36745006121185,-3.20832997439107,-2.84206436498098,-2.82949260702621,-2.97823761763135,-3.21805159254645,-3.3276812357472,-3.56620904710133,-3.68256993905538,-3.50911292495743,-3.19813125793016,-3.48145649790581,-2.89425220755237,-3.06576577082781,-3.62517917265053
"HOXA1",0.559101153310957,0.552356563832725,1.26514834522697,0.48720174683719,0.211424164478071,0.165193794242089,0.621428333083871,0.75176195409634,-0.122297617116625,0.413608907483548,0.0732959127787677,0.332341530432689,0.388603715238047,-0.130013809931266,-0.273163809799603,0.5213262091272,0.435367384280184,0.469559175502096,0.310536099631694,0.453062249112198
"HOXA10",-0.308022862237871,0.567402201517684,-0.57981988450879,0.23943629388011,-0.182780498884772,-0.10669953589692,-0.128941003235373,0.161076796653111,-0.276452086713795,-0.0232543567720494,0.58517443886046,0.161836927783618,-0.242333944649828,-0.393301346575087,-0.316926372610499,-0.101332617627263,0.140397576392618,0.411832864140969,-0.364563919341231,0.257954888884926
"HOXA13",-1.43529480442652,0.255433281661738,-0.453453684385915,-0.685805224881076,-0.0323093102434016,-0.363468337647606,-0.380602226315174,-0.0777514736672323,-0.221732100510341,-0.279734049050312,-0.352731008352504,-0.318456053567411,-0.934505733819943,-0.657145854949435,-0.608273114954953,0.157675114171903,-0.232760154874552,-0.0881829359838187,-0.629577984495736,0.20827655360195
"HOXA5",1.76055781749342,0.875859055631632,0.598967700558654,-0.358426017630797,-0.0507965288395395,0.668953062962186,0.350380752129362,0.93604757027892,0.604508427580336,0.656434335532315,0.670204047235751,1.28099873261363,0.942055281196639,0.272053612868584,0.480360973643428,0.754074225446778,0.969658045131323,0.846650581887586,0.585587913348406,0.540928239399755
"HOXA7",3.05233665430309,3.77022211706053,3.48850584906261,3.90809614857826,2.95802323173037,3.6120619302246,3.64557724938063,4.08300735838312,3.59535595988326,3.36809035192931,3.67855061059661,4.6193511380947,3.4460663052124,3.93565110308207,3.66349782262141,3.59390407805968,3.6397567103999,3.59862214468207,3.7231106129178,3.54568879184294
"HOXA9",0.577802317046375,0.537401835770795,0.213458546172684,0.31212094221409,-0.222138016898831,0.400727775901168,0.835005029131153,1.05818389762161,0.212591846358523,0.425123008560259,0.612042843423591,0.339486001036629,-0.0583737328745505,0.414846966266357,-0.310657924136019,1.1964998306351,0.631073775722029,0.726357134331426,0.536598201813414,0.70749100431722
"HOXB1",-1.75944868572421,-2.35712058074294,-2.18662239272285,-2.35992129407605,-2.02586321208358,-1.39377352621443,-2.27167269707171,-2.12102672931416,-2.42997118167257,-1.8843977221245,-1.64664601740265,-1.83453065882216,-2.28536383609441,-2.34366692853363,-2.32164621923821,-2.27420804765347,-2.10330362446156,-1.93871044885505,-1.9473245181528,-1.74180554992359
"HOXB13",-1.73773450001595,-1.43674986239198,-1.07854020542783,-1.35337909934109,-1.47931393009581,-1.83330942386315,-2.04863729387913,-1.94523405619458,-1.18748179739269,-2.26297511734763,-1.56845395251811,-1.73342871372317,-1.2390984602618,-1.79071284854732,-1.40755539477487,-1.69662935953594,-1.41024992165696,-1.37056925324351,-1.86235835129621,-1.88876213979801
"HOXB2",-0.154613554198872,-1.12961592969351,-0.485817492736436,-1.42341633865184,-0.685968264062803,-0.155560304412274,-1.2819004048238,-0.544893133627102,-1.67754973086482,-1.1173560555881,-1.06570396139074,-0.817778879976006,-0.0147685528662703,-0.766873218280101,-0.426757403406639,-0.37213575700423,-0.905858374542255,-1.28146318997968,-0.635701143636744,-1.01543518899472
"HOXB4",-0.190960478166526,-0.755220880558271,-1.21341417082213,-0.990924462326708,-0.687611769066571,-1.1239330678039,-1.3119638814269,-1.11227449138381,-0.633347603584362,-1.11460723163882,-0.564302975771513,-1.13211113747084,-1.54472582400158,-1.14453594636004,-1.18155273858682,-1.19926455168541,-0.716218285492818,-0.886456014945435,-1.35369976393576,-1.2362769433685
"HOXB7",-1.02260080138891,-1.9899025661006,-0.388828633595927,-1.25984490740097,-1.51616445526342,-1.56641807302896,-1.15117837718339,-1.29520190921704,-1.32830354758223,-1.32479350272674,-2.05179860520848,-0.897388571233013,-1.34257848750514,-1.58374778857896,-1.06824778758577,-1.03683257399594,-1.78776930166682,-1.56306010865803,-1.17487421591889,-1.13206917201346
"HOXC6",-0.269827386112065,0.124245359443423,-0.189628198170246,-0.887631771427658,0.319358672164731,-0.441001773577336,0.277484906455433,0.402298613645257,-1.15848410021713,0.176202912497609,-0.718763361555019,-0.584742992869395,-0.349101002020164,0.140024358844522,-0.951085465070219,0.796662285048386,-0.461188327478977,-0.344080929637355,-0.432257204747745,-0.825131879475942
"HOXC8",1.65675743828643,0.937286764648826,1.50473485055954,0.644209886970733,1.17683663370623,1.22722928960488,0.443358700822093,1.18251984736397,0.561911251858184,1.07908178119128,0.821726392067004,1.4294988426553,1.64104112182222,0.375846661611763,1.15233682911186,0.737135809118018,0.863171590317744,1.04033345365154,0.986070213656519,1.21264020632488
"HOXD13",0.0363810716734909,0.983462081220449,-0.622429553191285,-0.954112999020621,-0.993483937752756,-0.423187505115548,0.118456676005563,-0.219380123888269,-0.712307018765183,-0.0370764239338008,-0.300654743082126,-0.562154541411695,-0.775011140470001,-1.19769761152733,-0.917637986576856,0.198149300319286,-0.280899581915113,-0.229691925716658,-0.863968802569941,-0.511563186013237
"HOXD3",2.28849296170693,2.7988485452741,1.73346246231805,0.739422535079196,1.66758585091599,1.7735572815277,1.94460863782758,2.8495684228866,1.28571871319961,1.80768561320341,1.77480223569497,2.53075174218214,2.22137400818276,1.42162288690896,2.48661482423125,2.57775149974772,2.40644247467921,2.12223287972708,2.34135906836133,1.91446580114621
"HR",-0.369746615934413,-0.316117730979912,1.07071436620077,-0.40327730317925,0.896655744020764,-0.11227497195922,0.0590678212774573,0.223729940846573,-0.866379864235766,-0.120476215665465,-0.284007807845373,0.666952816028819,0.836028721413396,-0.0665173577946619,-0.037238737738173,-0.0178238255520651,0.616691727913475,-0.191501862309631,0.619107274808683,1.09348399189009
"HSF1",1.75288491553218,1.21041021948694,1.42892765582216,0.639390781914348,1.567407558729,0.728606967179507,1.25359928012051,1.10017470586508,0.562105625489873,1.00235361058596,1.60003212703087,1.44005827965799,1.39437176591243,0.598091710585847,1.5149356472408,1.21216042182686,1.68700773882886,1.23659024976782,1.05740949020423,1.96122861921993
"HSF2",2.46522469497682,2.02480690332991,2.39767029774452,1.61172997560692,1.61315890317846,1.49452364900684,1.99415397775352,1.85404369591895,1.3195580131769,2.16480990325576,1.77276768163742,2.10690828918653,2.19901912134857,1.59786552223523,2.37543789930377,1.8983450177705,2.04264696783426,1.94121921997539,1.86199634180691,1.95669617874682
"HSF4",0.285457076806754,0.28648602974824,0.438464924779589,0.290129938719215,-0.13403159293328,0.284585508422006,0.241769409075324,0.293102217355508,0.85367095068725,0.0660538581877092,0.300312258185495,0.397450905140581,0.428728768545912,0.888342996931794,0.922318055070209,0.225024670971483,0.683739367106213,0.464422951731058,0.486364251546644,0.431809575303707
"HTATIP2",0.337479300507392,0.46674210330853,0.340039729444661,-0.0810742583888057,0.291655929164835,-0.197735490384765,0.342469934909984,0.299876553387516,-0.163535413605785,-0.314287184061276,0.29328250633827,-0.203806113060852,0.89614511278987,-0.0422862529541811,0.369188960489758,0.118401918433565,0.817860410363029,0.11652715871989,0.0995475303193166,0.751453359592968
"ID1",1.35413080232129,0.216375306755447,0.604254142105887,-0.0219110985391653,0.189936310860874,0.404460620282621,0.238386025210971,0.520863346194081,-0.424339445569601,-0.0032699076752291,0.374803673289055,0.374386244781739,0.529391548502793,0.0117656853495241,-0.346069694693638,0.418241712144662,-0.233313609056897,0.289054468447985,0.256667969935684,0.561573435911386
"ID2",0.11774835230588,0.446912050610616,0.671340652904666,0.359327748653515,0.252888557356272,0.66650937562607,0.984551799163477,0.475743945501799,0.391336468474794,0.919477607253023,0.328477751861412,0.619381576240341,0.405744084271969,-0.0288111353398304,-0.196046436953442,0.980618245243693,0.306891283290243,1.33540038799814,0.388774833415994,0.566249503338778
"ID3",-0.248306747201233,0.2556940923131,-0.0755200604003634,-0.0743853553038149,0.106712997130646,0.570221509990209,0.16582198024693,0.261589120035123,-0.189288935718539,0.538565003719086,0.363789094198507,0.490145922970136,0.810270896389556,-0.0706763405244281,-0.00395008868265704,0.722400204225289,0.191003575192162,0.526955277947598,-0.149050349134279,0.809576803777095
"ID4",-0.460274261354824,-0.34983896878636,-0.239881945250599,-0.298639349196216,-0.57730104187548,-0.0531940866392944,0.0215653191495402,-0.583029253677853,-0.140962722761282,0.127259031643152,-0.379530228650953,0.0214866523175517,-0.207864725936544,-1.12803788829549,-0.0835301362842909,-0.0450304125936164,-0.299373079226465,0.0945369242325274,0.521873873524425,-0.727308588771616
"IKZF1",-2.01864136580658,-0.707914828653848,-0.568550584837631,-1.39895689448376,-1.02056023084289,-0.589882305372446,-1.1073490186978,-0.44614921295976,-1.81980214901831,-1.23180283696728,-0.723234585069861,-1.42946119381945,-1.64408644524024,-1.10224928400543,-1.32897557150926,-0.877581789331637,-1.02869920686579,-1.43010482244096,-1.77736592475103,-0.961044065036934
"ING4",-0.137545456774699,0.500069309751102,0.931945138429431,0.841198511001454,0.855322604127356,0.37104732622669,0.911587161807549,0.291396356392894,0.43328917033582,0.442855559367345,0.709723911047652,0.278323894851085,0.69146029108639,0.808100157563492,0.25603838857919,0.635548737034786,0.948024074271894,0.577926462882173,0.714679646062885,0.400700559936432
"IRF1",-1.89933899328031,-1.35850270458068,-0.365124438336291,-0.846085907426824,1.45484267836163,0.219932854508556,0.0906255349729725,-0.026830114256776,-2.36992885618544,-1.24763774304935,0.106925920870144,-1.64609387691818,0.394872882937418,0.714901455704729,-1.46145532912165,0.562409784277769,0.426202509340498,-1.36816029756065,-0.698570714853551,-0.920522270181768
"IRF2",0.551157486426656,0.802369173812815,1.55830816888426,1.39421926587682,2.05887345233781,2.01336208542099,1.40343011390001,1.92125875054588,0.0467333078176187,0.855095673569565,1.6257251276524,0.846957005699916,1.83296545225274,2.0752420332863,0.526409884631764,1.53424674082469,2.13271981901846,0.325075214072188,0.901217183185681,1.10961799271141
"IRF3",-1.78081430907258,-1.56625974795984,-0.771603718740033,-0.70309210634083,-0.213980338634147,-0.423055541079115,-0.536987421408672,-0.528729913146799,-1.72047729499253,-1.17642282526505,-0.662677301631856,-1.44883578481728,-0.48175817257419,-0.203450631538096,-1.27032613943167,-0.62370794090024,-0.580439008676525,-1.79213030965954,-0.827519265513435,-1.05782522422722
"IRF4",-2.31888385658214,-1.20249258916756,-1.08878531475342,-1.2182333753817,0.528918573547937,-0.723070356836065,-0.85439226460601,-0.89761818408125,-2.43899004922246,-1.38060694404525,-0.127498079622711,-1.20882903418222,-1.11135017997158,-0.474495059890264,-2.14023463513634,-0.59820210104395,-0.375186765243916,-1.56816272683131,-1.02456666693383,-0.776816394066699
"IRF5",-2.61453809912471,-2.5571989527713,-2.1401088724109,-2.37549338232522,-0.710909209751062,-1.97733788725239,-2.36774730326506,-2.48106263375961,-2.86477429085427,-2.46334040496858,-1.57450560137275,-2.16618816043158,-1.98339891299645,-1.99136099002204,-2.57062510594786,-2.1791925971134,-1.90754072429763,-2.71664292328827,-2.04064665984083,-1.64917526978532
"IRF6",-0.789744892750413,0.320238279969667,-0.600230462060606,0.0594230220755923,-0.253397014148602,-0.00361605221759669,0.316662844368915,-0.0133166828640808,-0.268047908629284,0.112676130515416,0.477671992403956,0.0917111540584387,0.474122597774804,0.250378655553263,-0.14152849982847,0.251752284251176,-0.253326119674432,0.096122020132972,-0.59797650177001,-0.013353408992897
"IRF7",-5.03021780453386,-4.44001561385743,-3.5508164648883,-4.38089889687451,-2.89711972898762,-3.76304428541602,-4.43825261965729,-4.18447671401601,-4.9765504567347,-4.57966345674796,-3.72377662503716,-4.72903764378553,-3.56231341351065,-4.06607094240556,-5.28375337356415,-3.56405783457626,-4.01437399813337,-4.74756819999875,-3.99708524383624,-3.85184344132229
"IRF8",-0.514724379180594,-0.0130552672957732,-0.0522829994319751,-0.384353495052187,0.927826996650517,0.0141547476682748,-0.032759040771545,0.10338436542957,-1.24672911479617,-0.605395647112581,0.492243719488657,-0.012723259259646,-0.231824338606087,0.478719362867496,-0.747315083020458,0.0308812681710977,0.494308311529474,-0.548949521037738,0.0219281739523904,-0.107399802669802
"IRF9",-2.46572319951266,-1.54428210741929,-0.973884371681767,-1.20995990441387,-1.19807856680002,-0.238865449425922,-0.552762464329879,-0.747091298741338,-2.01223437640049,-1.58345606641284,-1.11607879279649,-1.56124572124138,-0.895088757515102,-0.45017332057046,-2.35476573159964,-0.714608249544129,-0.475902233504658,-2.13350504459422,-1.48369584270699,-1.41899226309422
"IRX1",0.404295409826982,0.465014021528886,0.474682763229045,0.739773478337779,1.17626164598686,0.526075775730017,0.398709267211901,0.583907976371902,0.585318577879858,0.736322358853843,0.327176218376209,0.345125471023324,0.640391512564116,0.662007040908028,1.16030925829385,0.612397300507876,0.774579499984233,0.731565502468897,0.691904289449216,0.88913962768152
"ISL1",-5.14012967709839,-5.18319660138517,-5.23636340273752,-5.25910357419146,-4.09810593322964,-4.8832451797668,-4.46610383896124,-4.90732490725457,-4.97540312439863,-4.78796032404463,-5.45365097696252,-4.67231067176799,-4.92499352214351,-4.81038901179142,-5.64253738051571,-4.95520990439193,-5.81872533980174,-5.25141240580785,-4.9006343143205,-4.98919090014341
"JARID2",1.64537368558059,1.63360017502972,1.56768357955439,1.94256725238545,1.49399652906177,1.50138599868947,1.44126119598581,1.38057611147992,1.94222763299129,1.76513964103695,1.40397515516443,1.83023588004529,2.27612253570719,1.89386025443781,1.99337812946481,1.14048044574552,1.860765701581,1.85051065441033,1.88424770459675,1.63061960016909
"JDP2",2.51676782337895,2.59585148888039,2.58630093980664,2.1443842824939,2.63083426460416,2.24017522065271,2.21916085098575,1.99587920193959,1.93722327531204,2.1444278641082,2.56859319284421,2.33214254252687,2.65397622767932,2.45098718531372,3.04989452298435,2.41065204656307,2.99533483797053,2.78032591696812,2.00081190638655,1.85969540472944
"JUN",2.30544953782311,2.11821975759153,1.85014825413686,0.275828960794864,3.10419810917045,1.19820807533446,2.2686264019875,2.6339785751164,-1.0604679108363,1.55635277846133,1.41820945679536,2.89796108409545,2.88927296238519,1.28894439015928,2.33439012233184,2.53685338153256,2.38820669576088,1.45383976507007,2.64450153808408,3.07024871937345
"JUNB",-0.25681542365714,0.573891038109938,-0.581332812134916,-0.668996488462263,-1.51131084043157,-0.936313456153655,-0.270656576376204,0.399706199912136,-2.23652458415826,-0.830779034868388,-0.487028482296004,0.097196627220561,-0.705821954158023,-0.715306980579973,0.643050776343817,0.24295114931822,-0.00283643784293428,-0.374698696090712,-0.424880943380267,0.554838504510186
"JUND",-0.520997406638505,-0.26639516286254,-0.988749111968306,-0.884464525765893,-0.485310121687031,-0.705688725018828,-0.520279221161397,0.239098170730084,-2.88198174137039,-0.649883505304762,-0.634008522223889,0.828688898758401,-0.352986690187825,-0.205291212121513,-0.0606952277422885,-0.152553529851512,-0.593745692807796,-1.18578673278394,-0.375084936878179,0.771248682357609
"KAT2B",1.1804266307448,1.30269853089998,1.10152691641459,1.2334542188911,1.27668513976731,1.61676443184495,1.22783414804858,1.26872850629208,1.28540932916103,1.94116204120441,1.45199783711192,1.25259158391937,1.4798023113344,1.17780087936699,1.26144848852594,1.3374687002559,0.981304816168183,1.26279982081693,1.19825704693172,1.27895581199666
"KAT5",1.30878560566548,0.575956196584026,1.17167248325469,1.21476938236682,0.655095030624218,0.226222243496538,0.598127567012089,0.712634762659813,1.22243533422953,1.02819979829336,0.9548351098984,1.01398008606032,0.802864023115826,1.15117679270336,0.699060219864963,0.768980808875587,0.992784562310285,0.763210106799821,1.06996310768489,1.44864362940867
"KAT6A",2.37938622378093,2.0528461675915,1.60077553061089,2.48662215533041,1.9273131695161,1.7897308346417,1.86871058865226,1.95923781040908,2.04257050385905,1.94642465424538,2.0921640789697,2.09088628443341,1.70577035730278,2.25404227049431,1.82776214793824,2.2451128218158,2.31660831818054,1.89810978468174,1.79245590054088,1.86079741280091
"KAT7",2.82819764931608,2.10189346622984,2.33702151128256,1.98162860461773,2.89870702196217,2.03192859159913,2.39628479478836,2.7266222853194,1.49092389094917,2.10678219740466,2.4400631677898,3.03221470149567,2.30798308829804,2.34653962973282,2.62546175468671,2.6904098351637,2.91086679585661,2.35114275654444,2.66815188518839,2.76293480892059
"KCNIP3",-0.424449313349384,-0.0312578674872507,-0.231310864480238,-0.175988884751891,-0.266159078530271,-0.627099138856147,-0.590904572260375,-0.230794455310166,-0.373953400309729,-0.064404716327513,-0.302878364427644,-0.147307206088029,0.0439864524026525,-0.283371693583877,-0.103444871100414,-0.240686922709719,-0.0823458804202422,-0.891757952008257,-0.409562642043155,0.471713920176016
"KDM2A",1.44356855391607,0.816901044571747,0.81054825873445,1.27108485918604,0.381626339701032,1.05797800292929,1.31336678764674,1.40820019632404,1.44656409986354,1.09367359404943,0.864748117474237,1.17072949255071,1.27191688918146,1.23628170666238,0.82207616295372,1.53228696202819,1.05451784940065,1.38976902872057,1.16045794637908,0.932270727953634
"KDM5A",-0.23176521303107,-0.105239834846036,-0.535291841486595,-0.14195037997797,-0.731121312651976,-0.274784985842407,-0.634050985758269,-0.628513715103322,-0.161225610290459,-0.873855492881223,-0.143563968640842,-0.251151421328558,-0.63887121592417,-0.619221414383376,-0.311107997149542,-0.563855617893002,-0.473175885826045,-0.475089043860727,-0.595114229368585,-0.0723921215123652
"KDM5B",-0.436288013724643,-0.379880278100676,-1.21462216235665,-0.0741631240835322,-1.08588879223754,0.132843189234839,-0.262431215101333,-0.251500889253715,-0.665982862911582,0.0187704123335054,-0.545603847312862,0.33809829603921,0.0119031234743843,0.117452774231693,-0.218498430750715,-0.45103817611506,-0.147242517173223,0.12690043727602,0.390075228292494,-0.907578237361136
"KDM5C",1.72545336859185,1.41750273450847,1.78308218609536,1.187041630602,0.879128183680799,1.64568091096193,1.36284868989467,1.29888288526324,1.91713506683672,1.5728256247808,1.39405964559689,1.50679781176093,1.23844402528972,1.84741823303405,1.93799146582641,1.33590439223348,1.81010213604275,1.64518707816356,1.73981024385653,1.04226432828636
"KLF1",-0.220620126829856,-2.1966962040919,-1.67516329533114,-0.872125054848642,-0.926291842151673,-1.57938379257711,-1.01128201720081,-1.78809317234948,-1.46967414999476,-1.58845949275212,-1.22874016421825,-1.97105125803062,-1.61672674942711,-1.52448812027877,-1.16094088638539,-1.0372262058826,-0.0672085003290731,-1.96589515346687,-1.52605458588951,-2.0472001985779
"KLF10",0.916720591456507,1.5077334103537,0.740853289851676,0.787551840694887,1.42754004889195,1.25501982570155,1.39942237993237,1.25950163367118,0.283061292917579,1.09610405209947,1.10558341020349,1.22147674862787,1.42014342285855,0.854405790715327,1.13358313896911,1.27306960240551,1.32440539915886,1.14996395522188,0.763811689416555,0.950526155468628
"KLF11",-0.562238807954565,-1.47800520682381,-0.307430218256557,-1.33701724004921,-1.34111529526709,-1.25997420461188,-0.987803918175542,-1.15754626055347,-0.824077069200745,-1.64106170246187,-1.1734299191873,-0.516884840010367,-1.05788909143823,-1.18594258466565,-0.438223325548256,-1.17772757589999,-0.467071220364874,-0.957119153768267,-0.943667566665096,-1.81809352581533
"KLF12",-0.89901908204434,0.240072224639156,-0.7539283284505,0.386645703754384,1.30419351913092,-0.126597656634941,-0.364271476567732,-0.416664078487201,-0.246300439431068,0.517986554236962,0.674935326271943,0.0601368164478852,-0.790697719880032,-0.181697345141024,-0.812419764348909,-0.483611941125181,-0.0484814051497835,0.202137428328736,-0.105674275948758,-0.306467878302153
"KLF13",0.249812551263728,-0.0623042870098551,0.196809077619842,0.639738056725548,0.231386978265724,0.384334989514347,1.01179145285593,0.5077480921283,0.0975003330583428,-0.139660465697316,1.20803527568074,0.181269501843795,0.34277961638386,0.655956412423424,0.313937623370687,0.598676739699187,0.117999796398229,0.833158824482815,-0.082727206779514,0.778092725598394
"KLF15",0.526545596122011,1.47067197736796,1.21047372742879,0.274397240009127,0.65912727676726,1.0269705614547,1.22102303890461,0.830774437344374,0.511175277560116,0.768686697687399,0.749877860466336,0.966724563321706,0.651813854721058,0.011714666909943,0.270095061500045,0.787103681785562,0.372951155912128,0.992359192642562,0.470861465593979,0.911213896426553
"KLF2",-0.283953813314071,-0.706500179470912,-0.682412185763207,-0.706950107686766,0.032432617289115,-0.94674421276943,-0.675059291910968,-0.791790732086676,-0.521030658344837,-1.07218314255895,-0.755437795223658,-0.865061905552212,-1.16971372044736,-0.525978442258353,-0.957579786743019,-0.970208593953599,-0.396128631982149,-0.625918194440529,-1.01194000690526,-0.752518956217553
"KLF3",-1.29264200641799,-1.95146858482726,-1.42982206013355,-2.05883240216304,-0.879468475348356,-1.78949952072719,-1.519395036302,-1.77664565480082,-1.56974035448495,-2.08704097672481,-1.69977055572325,-1.9822437862379,-1.43921574546495,-1.90244083954496,-1.40005206685813,-1.21850720864935,-0.802264995621196,-1.55630063774647,-1.71058229022543,-1.91141989993632
"KLF4",0.967272888865305,0.883128092716621,0.347291869751356,1.51653431647998,0.804543949138114,1.26057309886898,1.33887945554204,0.997924034651331,0.520841482298985,0.688827836786545,1.06704181146474,1.32701565802165,1.66894230943804,0.924691731683929,1.49794546971615,1.30366068423743,0.684989762664205,1.02729529916159,1.38974908676199,1.76955846537661
"KLF5",2.47446301657885,2.83263767906255,2.64314781183917,2.38658694395361,2.86939099206493,2.82324884500985,3.19353016531674,2.83160754981816,1.41069308957782,2.78788906114791,2.59129791111769,3.14456652615418,2.64341256406669,2.5173035268272,2.51524191341069,2.55541101376034,2.63941407558261,2.60523523210937,2.5942855291678,3.022483586366
"KLF6",-0.272938317888633,0.930656544083635,1.02861017844244,0.993959620974833,0.436382768459929,0.865657329599912,1.02190197359252,0.669228483051198,0.127497938067471,0.627946577551726,0.687486256897083,0.525845338069072,1.22987622885705,0.575673856926189,0.643800319442891,1.30841222159757,0.916358847651156,0.794504801588314,0.565982178450477,0.152755880196316
"KLF7",0.241692324300948,-0.103206117125976,-0.350683738789921,0.161272236508542,-0.66969388710665,0.269995821714799,0.336207096496073,0.297076427673614,-0.016216431940494,-0.0783563793781881,-0.482733837916252,-0.11088877788206,-0.0969015906567065,0.108809178866415,-0.381049700557186,0.276384334178754,-0.425853661827914,-0.00179557686227617,-0.0574215981671608,-0.550693147841482
"KLF8",0.433915461599822,0.553694796795031,0.00983007118228518,1.08560241708523,0.865081885469424,1.12089010792564,0.958441457809674,1.11274777401576,0.610148213014435,0.976855058327003,0.567229837735429,1.11455268207594,0.83631418653338,1.26282039734899,0.276275371850381,0.971291740410537,0.237963275739963,0.252058942809572,0.857707836245241,0.686431159665574
"KLF9",1.41837027471044,1.39503683153847,1.65400715403796,0.976772138482689,1.14315897770385,1.43899699054349,2.05917918597053,1.52105620393206,1.43544042020903,1.10699744993684,1.17714124687084,1.46511092802643,2.05163092537661,0.964336059937358,0.880305730896131,2.06777636528748,0.991925656512643,1.95704562582854,1.4595951500874,2.02849894215121
"KMT2A",3.36710386726376,3.05727474013585,3.57111111362983,4.47452155167635,3.39981913413719,3.5252511996419,3.34291088022298,3.40265515816507,3.12573643980633,3.83234413081221,3.73822465279856,3.57351815678172,3.37180119657589,3.83253657032332,3.07972710317976,3.27578255107538,3.46647268256128,3.53262687900803,3.82641257246055,3.22818679675154
"KMT2B",1.32610089556335,0.0496957259159031,0.293543260743746,0.945521474735322,0.706898604638765,0.839319191263324,0.24120879059941,0.494546624870373,0.520638036886213,0.773581326012983,0.648858364875786,0.845403921315917,0.542492451875901,0.285402895817447,0.938148184993267,0.0143303508738718,0.0428413272755417,0.744175518589108,0.668700642309323,0.783313158172079
"LEF1",-2.33286361823604,-3.42140217543214,-3.6290065885725,-3.91740092969032,-3.76475867058998,-3.02497204422167,-3.55718724859859,-3.25511363973381,-3.65277053324208,-3.44438189452487,-3.53441633369893,-3.04513625670746,-3.45246445121653,-3.3686364191155,-3.29375044663636,-2.69525744328468,-3.72274971978027,-3.10340581760624,-3.81151208740989,-2.59148321953035
"LHX2",-2.27907012067504,-3.12095338622568,-1.77725026280827,-2.63946802717664,-2.5938017271077,-3.29763188127782,-2.67306822006512,-2.8664267090441,-2.52697494648211,-2.93747956823896,-2.9059383593114,-2.70107327712093,-2.24562664010211,-3.06981927762965,-2.47799029042702,-2.84557907881458,-2.43008039448847,-3.10195135744702,-3.3232547171857,-2.78869995961718
"LHX3",-1.61604695843674,-2.71639768165712,-2.33874442164979,-2.36285836403125,-2.66977308703744,-2.30412505919233,-2.57898965919745,-2.43393300273605,-2.03347565236345,-2.61589121405631,-2.40761738362739,-2.26807527311898,-1.85617238562316,-2.28954897152394,-2.15615778125627,-2.56397548444232,-2.61866638862478,-2.24060278938612,-2.45096772501502,-1.57369926107538
"LHX8",-1.01824295113218,-0.347183796074298,-0.947489503871998,-0.770025162278616,-0.827940757118605,-0.640557764171183,-0.592240063074824,-0.603820918703487,-0.598438006278506,-0.114938282013974,-0.438722035709614,-0.327549488630769,-0.957908880093344,-0.963150472069692,-1.00237620914178,-0.590796761246986,-0.463606198464748,-0.380269277972747,-0.621446949650521,-0.54244950473754
"LITAF",0.178327760754183,0.704180999543957,1.08863656281196,1.0782809450718,1.1936351686068,1.0283756521389,0.736853947833134,0.502869757156474,0.604973716674764,0.717858028474339,1.01466112462487,0.885422087601966,0.600664331289505,0.802389596925661,0.702960654247604,0.82751552349139,0.998177556695286,0.895031474377108,1.01899646983913,1.29863238898838
"LMO2",-0.438595245699447,-1.44250198071014,-1.03982994552736,-1.40335211479598,-0.575830154513492,-1.63674455258183,-0.624829793041021,-1.39961443734091,-1.57380186568109,-1.55090063456821,-1.65462560842595,-1.47549936955474,-1.25707061422484,-1.24101390469488,-1.09512090601025,-0.869032042503454,-0.761753284582226,-1.32829739508552,-1.23215629305655,-1.46896482549565
"LMX1B",0.203642484913953,1.60071465704585,0.751243969426913,0.535253657924532,0.309159934658848,1.6415870719464,0.519578922419614,0.879017942150483,0.346361466154357,1.06990663878887,0.764255490850322,1.11891441211274,0.288410876121783,0.852249984088363,0.56791712878393,0.715251510829144,1.20638323323949,1.08022753374144,0.99397508933686,0.670069709157118
"LRRFIP1",-1.24571945927052,-1.8098139897093,-1.76619506954876,-0.771665934925364,-1.35232222140553,-1.24503034582526,-1.76372555789144,-1.71218545061169,-1.18156502023951,-1.5065416425353,-1.37822470849622,-1.4932348549051,-1.35749184731867,-0.607147194004988,-1.74496289405152,-1.51404130871522,-1.55744227511878,-1.48141944224703,-1.27468977303514,-1.74493552306448
"LYL1",0.262344346660642,-0.295858541931596,-0.33841898975169,0.250687813568543,-0.583076750252129,-0.0586923869961988,-0.317045407053343,-0.142216455655167,0.226645872821397,-0.00971701953808792,-0.0653878481867578,-0.265638885242966,0.0772438765991043,0.0423627050431619,-0.182178027355474,-0.282237183244922,-0.0332855624408729,0.109436134398236,0.375739029222887,-0.216744310246144
"MAF",-1.00524909136062,-1.20863309365252,-1.21069147927074,-1.55168456961107,-0.674902299647258,-1.16781399166514,-1.27525289728482,-0.747196048431225,-2.00488288746602,-1.60647023693595,-0.781380801810275,-1.24976535362827,-1.2992522706514,-1.311675858636,-1.89972592267477,-0.801093680903742,-0.748913393862788,-1.19050182699968,-0.91246935511281,-0.857096080463322
"MAFA",-2.64653053030462,-3.03765090157975,-2.37099591200939,-2.82457845493241,-2.38446135190887,-2.78947569270792,-3.56108943595664,-2.89824583618069,-2.9841935259131,-2.93329093676882,-2.65208802230725,-2.93896545598495,-2.83342331217054,-2.90918467377607,-2.40888311894266,-2.82474906239037,-2.54946526491503,-3.06383617783804,-2.78258549678314,-2.42898054268855
"MAFB",-1.83571859225604,-2.4945822099417,-2.16748170559694,-2.46571955575863,-2.35916840819327,-2.34041398041052,-2.65658439283886,-1.7139339686485,-2.92618746719577,-2.28933209345619,-1.92940371375428,-2.19355635805968,-2.02442840748863,-2.83852984641464,-2.24994540662578,-1.54412665512737,-2.0963540200402,-2.30354292063456,-2.27009466729985,-1.97888692325451
"MAFK",-1.06678338057669,-0.562100136866724,-0.484131045576138,-0.24679705761822,-0.478781682126721,-1.10323888254034,-0.544322659829605,-0.560554415136416,-0.357411886428858,-0.384527770064614,-0.00141911241731981,-1.02601898240445,-0.768903271345268,-0.44145329869611,-0.48885426289156,-0.288477629096994,-0.0494749482236934,-0.913013072625842,-0.60764399135821,-0.218164169671402
"MAX",0.354639848900005,0.831274078562411,0.925228099733664,1.07268418466551,1.47861634797632,0.41522785676631,0.654493422523297,0.60299285138367,1.18047940755503,0.741007953407904,0.756252014051655,0.450411848006781,0.0692371948373871,0.675395897072363,-0.199230614186927,0.599257317646717,0.518407931879302,0.202503970129513,0.136730253730592,0.848128635218833
"MAZ",-0.306762077766338,-1.57096021953987,-1.16346160017481,-0.910417034445604,-0.267378270368326,-1.22690654151759,-1.13651088025578,-0.974163491507681,-1.38835086640698,-1.27154313239048,-0.935305708336212,-0.499144053724013,-0.738447430870858,-1.21190929632344,-0.651766768056319,-1.26438961251689,-1.20601671866583,-1.4273257658348,-0.860270318422754,-0.665644800730622
"MBD1",1.0078494079013,0.285449730280757,1.05612824175946,1.47142471147751,0.937177650468067,0.844411232531812,0.941517038419262,0.641826125403299,1.66796535612865,0.827955174024943,1.19240836037751,1.58982070134925,1.89094491268076,0.878064032589481,1.24181166928535,0.579092292047076,0.907978742732892,0.639465119338494,1.28667241702983,1.3976380217536
"MBD2",0.648457128677632,0.819572934516833,0.6943648495633,1.17006089347905,0.72258553208778,0.36978581579209,0.562042513227898,0.513631974900351,1.34473121078486,0.210560538408143,0.779987043585015,1.25373741860038,1.55175394811678,1.17353728357023,0.956861511715241,0.0783302800985493,1.26948874528879,0.600745404658848,0.729526285146147,0.564776691331242
"MECOM",0.459795889627856,1.22936470577586,0.795740019536296,1.62817154927809,0.744385071538124,1.33284916382001,1.65894196382119,1.46131853493688,1.38185398502975,1.51063604454688,0.921490519132555,0.774301176032967,0.210304657039881,1.19568345069172,0.86145002395448,1.51729469479365,0.963966840912208,1.61447598016629,1.33720642525658,0.882306735498287
"MECP2",0.732191101160227,0.408850327989523,0.888595456115269,0.55669005161278,0.407792369963553,0.614882914004663,-0.329223658984195,0.0559961307069971,1.15302816703388,-0.0553775503451539,1.01965450266738,0.612212499933631,0.776373887514952,0.766080713167268,1.13178712154962,-0.133417812889916,0.809976136150062,0.149516478627994,0.47814288021641,1.62158468989759
"MED1",-0.429819903626852,-1.00160370286901,-0.530879324973697,0.634375978002211,-1.08904074704747,-0.695429539541299,-0.19405373560048,-0.685354590267228,-0.674834553627331,-0.21494017569563,-0.972821518085391,1.06660673939561,-0.0485680735908251,0.0732732421577551,0.0458560154467232,-1.23222525883411,-1.25344703331187,-0.492148140669888,-0.0638279210502894,-0.253708593860694
"MEF2A",-1.13616506799319,-0.382795903105877,-1.40156486065033,-2.2864406421147,-2.27730489746662,-1.54078811321755,-0.57386213859363,-1.007914747325,-1.89161526574431,-1.41658896674493,-1.78553150340998,-0.598260745088353,-1.76907838230987,-1.84781104867215,-1.49515720481703,-0.302194740407271,-1.18696154200088,-1.03710355604752,-1.56545089100462,-1.50707348125212
"MEF2C",-1.52506972232739,-1.62914554173117,-2.61013904720993,-2.04143603150561,-2.10271503077191,-2.23013007862902,-1.59926077981987,-1.51790927200683,-1.37724952593814,-1.97438999110519,-2.41328725928596,-2.01228066905942,-2.32992000189968,-2.09293308407472,-2.5463606340308,-1.20429339360662,-2.56942463315522,-1.66405714519137,-2.50061602728567,-2.53204590445253
"MEF2D",0.660815426832777,0.949909801022833,0.386810709542107,0.116269185213065,0.31547841345136,0.548337276091489,0.702999716179549,0.487688870499473,0.249833878096504,0.478194285858971,0.182599917540375,1.07121831996483,0.757616077102213,0.381069950538865,0.420751130345415,1.25249903402832,0.414732612610499,0.868557797001198,0.0693917528179824,0.327292849182716
"MEIS1",-0.810726231500884,-1.09090792095236,-0.720509336558094,-0.525464430888887,-1.27728912862008,-1.0228318326456,-0.552812616910414,-0.561478806029567,-0.195421901035387,-0.598359301055727,-0.827970717863943,-1.32614163672816,-0.951319982648758,-0.780445153602602,-0.834471572023878,-0.694322209197634,-0.672258660233304,-0.851022806584303,-0.857513116557129,-0.546082677981231
"MITF",-0.125201333341337,0.223004462457486,-0.158563060950119,-0.719090046773309,0.3707072526004,-0.268798267167789,-0.218160337621159,-0.0305423824434752,-1.35833275068005,-0.614233926078164,-0.285506780882765,-0.395446122813805,-0.420644582393883,-0.697346740477009,-0.739259186648276,0.311279132881383,0.152003311899268,-0.143058024434388,-0.838323369070476,-0.0778373166820989
"MLXIPL",0.324933835013405,0.791911037034735,0.572055059391602,0.466802854337882,0.909742275888894,0.812269317586949,0.546705653283037,0.500367722334328,0.324630260125929,0.688138178351452,0.516929119755834,0.334186689770056,0.126458275807633,1.04168080965406,0.368288187230595,0.364562494834704,0.448725469268868,0.782728084288025,0.395514082055944,0.880465334791517
"MNT",0.16101314847945,0.0168473128257506,0.316028079804617,0.552135043808375,0.665405734686158,0.460460824480598,-0.0214845232298998,0.132641609889714,0.767465773765599,0.360414453603533,0.517292341834562,0.416889738304398,0.621185804232038,0.538151734534279,0.113786939421953,0.0534519707514258,0.235761672787095,0.055380226620941,0.573115446498512,0.157594965834734
"MSC",-0.969494208280641,0.252961348541713,0.422900869217826,-0.383147534567353,-0.172269285640149,-0.0268424808833444,0.893974150399214,0.375549674442693,-1.36125515993222,-0.190369138627479,-0.48317068459793,-0.261981718949304,-0.597385301736616,-0.263189153701286,-0.97812453045281,0.836610693685072,-0.0792124461879558,0.0599295035664711,0.322334549848731,0.511564897129016
"MSX1",0.789795030287278,0.652808693179486,0.64472308605804,0.742236529670295,0.6159570461629,1.17224576712292,1.203363847936,1.07877675556439,0.245050047557295,1.25564450434529,0.630887549363257,1.03518716926992,0.468410279083797,0.684226781642997,0.475960802529014,1.14938470382369,0.609732716568572,0.940568952339188,1.14408610680691,0.0896016487975617
"MSX2",0.768744254430539,1.55349739641062,1.33887383002337,0.920868746039324,1.96402254930704,1.6289368662226,1.13528913054245,1.90103691385713,0.599712718711004,1.38287484065587,0.996751982483794,1.81158036503166,1.41880287025888,1.60233820827108,1.43682080895685,1.65252754019216,1.72724639051971,1.30602215100042,1.45335033191713,1.82110540415261
"MTA1",0.754620193906875,0.0217899940715678,0.490042620905458,0.424495814046512,0.86531262679532,0.00416800869362406,0.383166299002462,0.0475450613057553,0.509108021600831,0.381659378762169,0.714230621699336,0.0732504977586086,1.07427770151934,0.223389592854871,0.596558884940713,0.394165840446628,0.648879417180986,0.448560127188556,0.546136490644603,0.799055719688548
"MTA3",2.7752859800229,2.85000617363461,2.85230790224453,2.55470718032997,2.78836077636697,3.01112570058508,2.79942435591245,2.79729826704842,3.06735092418075,2.60059088564442,3.08781122012453,3.32356150199284,2.48426575485331,2.81000467906139,2.83055239979731,2.75783070417825,2.97135977879907,2.43933410016226,2.4675347159898,2.61333164695846
"MTF1",1.06815563637108,1.4718564769927,1.80946498311092,1.25605371300355,0.785103507319828,0.954177821936395,1.06268188331205,1.02381515035433,0.770001435181536,0.796641041674931,1.07493082044125,1.41467737734258,1.40279148153577,0.643773454845566,1.1355940007128,1.07722016760905,0.969123502701912,1.40684615827367,0.966235885588213,1.7134387433109
"MXD1",-0.0183761864210369,-0.298017478012174,0.549520155768986,0.451177132348723,0.165154416332444,0.357356027984681,-0.0154442972479454,-0.115449175568835,0.822495267778177,-0.0774156294086916,0.226044743793905,-0.150973359316854,-0.108229965175893,0.308848808157133,-0.0957711161131081,-0.706540443689775,0.19130559304121,-0.302358396205736,0.16798237223343,0.00979047415071341
"MYB",2.10800885067305,2.98948239227598,2.09422886394775,2.02396950455339,2.4927897738078,2.34079678534365,3.04364560077869,3.31223727516245,1.2726397142597,3.18436039681642,3.22443844069996,2.95331560700024,2.08983475711572,2.95673975196403,2.38958973970465,2.99260444156034,2.95673633693745,2.5271647363997,2.72048056712637,2.86150865131641
"MYBL1",-0.350484934033996,0.421492057869408,0.265167987696438,0.907321134579242,0.601095606863041,0.934833934863191,1.24919654512293,0.420210120940149,-0.0451360247358945,0.994492022053208,0.418936731965844,0.488502474500018,0.231363897049961,0.736645887171064,0.4159840710713,0.623711994509691,0.0370659227147207,1.05824129526438,0.361277772511964,0.889034842940655
"MYBL2",1.33072455091418,0.104015505817073,0.738231861959943,0.447230363429082,0.812992932856229,-0.152330520433691,0.203690610664193,0.324495533078916,0.768791686376002,0.699674660987111,0.318365155934939,0.1701298094738,1.2578044804302,0.287412579588553,0.238639258502227,0.0386394943838693,0.13247851096886,-0.379248793314173,0.135875547435661,0.707920281071248
"MYC",10.1811116545801,8.55604501064835,10.263896597357,10.9029561784377,9.82863437865171,8.28100566916343,8.78768079563627,8.63682092750271,10.6012066173839,9.75529732641138,9.08185460065649,9.53028745887749,10.3874730911235,9.36312142721017,9.60578032032739,7.73057089518954,8.5411529832219,8.39783238424741,10.1116971060567,10.8210893483127
"MYCN",2.34935833725282,1.11704070878389,1.48712590003183,1.76858545721952,1.63748729894413,1.32743622198276,1.21598827076468,1.27812528246213,2.24778724387067,1.56671567351911,1.39527346168959,1.3335023132653,2.5238769383559,2.13788562422893,1.44813043697947,0.667446505256582,2.06141162911384,1.02552130722368,1.82878146935997,1.45047375783062
"MYF5",-1.57134923218166,-1.58045345423411,-1.88746910999519,-2.80091888717669,-2.78841847242796,-1.70899908667349,-2.107421383845,-1.76002685172074,-1.46914785821606,-1.87570794879428,-2.57032976654102,-1.83088074922283,-2.02881801251682,-2.5986332453258,-2.2691618674539,-1.20337900024155,-2.0047162661759,-1.22493989205458,-2.11331221620511,-1.93750709775973
"MYF6",-0.30845412952616,-0.167462566623717,-0.839573540621313,-1.16548135024755,-1.20232567027018,-0.666044535017948,-0.430062868784051,-0.369890237999431,-0.507350426331196,-0.359130195476267,-0.834151555215654,-0.947701424278453,-0.559772366300541,-0.927403933582059,-1.08179064169859,0.261366172878493,-0.953754333558862,-0.374376560939326,-0.949626411010626,-0.926110485038467
"MYOD1",0.757158327649226,1.3389445719045,-0.134219008085203,0.203280595898492,0.0948731544195464,0.940045654568089,1.14131962590411,1.23405129303754,0.895040077113393,0.382573148403191,0.291417503435714,1.21044146730267,0.678729059441881,0.887143597689406,0.471407160370301,1.37509678685269,0.235123745059844,1.45161197183954,0.329237089671217,0.185550368534301
"MYOG",-1.47369511116786,-1.41542611979171,-2.31675142201208,-2.3373575360225,-2.60374784616605,-1.6893986234521,-1.56359520702982,-1.75461407071242,-1.93371175441703,-2.20026133382993,-2.48431025392521,-1.57607060316449,-2.17790993072692,-1.88411584167227,-2.17162590402248,-1.61316713912031,-2.07042467768139,-1.46661817352904,-2.3614740936845,-2.59805677945588
"MYRF",-0.259479590404312,-0.941918247633606,-0.742596350675319,-1.11775721269061,-1.30554485669524,-0.990684027131821,-1.07437013024149,-0.919802153197816,-1.09128037839033,-1.05829847403748,-1.17153598393363,-0.946781879398063,-1.5993689338763,-1.2453332080629,-0.841142766203398,-0.446278869357006,-0.903373460565103,-0.960765596528296,-0.959942060559278,-1.20006567659769
"MZF1",-0.759282044085174,0.132284663532839,0.331192599544932,-0.903462931981047,0.482752151350073,-0.313560978795899,-0.291564902712086,-0.256122217326472,-0.615903111971882,-0.469152821635322,-0.1696188804979,-0.685948741892273,-0.384235592624812,-0.69526129075095,-0.635465260386215,0.106828114728439,-0.485943927320035,-0.351212473986503,-0.94620494251369,-0.209939742849599
"NANOG",0.433250891081354,0.221127886316248,0.466960205805718,0.337452886211598,0.381365918316806,0.577088285592163,0.568801849200008,0.114559984044584,0.13575488466425,0.871512631094913,0.495405722021484,-0.0645231927953524,0.213157992309271,0.394907982120812,0.334993218105601,0.352048601125438,0.320690749580768,0.477797902277501,0.486793726710352,0.425693554075603
"NCOA1",-1.74565387739399,-0.771475778206368,-0.533440926512628,-0.929581250899304,-0.429265917374855,-1.03146487996815,-1.04901217420024,-1.3480375875818,-0.990225104537474,-0.831270191519933,-0.971710797843302,-0.712554636507561,-1.6499051172148,-1.21272347704973,-1.20541887076864,-1.21286265075459,-0.94160491448336,-0.666831093870676,-1.2822230790069,-1.02395373722787
"NCOA2",-0.0894817038723345,-0.018767508825273,0.387289260420709,0.246084151927703,-0.231876621313919,0.00870036532529251,0.342703031957508,-0.391170538117559,0.0700352875389066,-0.0725251591256555,0.0976916937057968,0.230108491249331,-0.0732910979519745,-0.122539803399353,0.0727738941845927,-0.0258545929195374,-0.204077336850976,0.364970661512779,-0.107454364352633,-0.248489268562337
"NCOA3",2.07731959518266,2.2584833658708,1.45252705215441,2.3440729562752,1.85222498979301,2.04634384404197,1.90721220715709,1.71339334002269,1.7088762120521,2.00838691191797,1.91823620007122,3.01559703336816,2.22912995284234,2.33461497881538,2.26305855518355,1.31050301214575,1.83617782713332,2.1046765508015,1.87122676705407,2.14502157465162
"NCOR1",-0.0706690923683095,-0.135908585103745,0.211878999362143,-0.16051304785291,0.11957152591936,-0.102360899405456,0.171592446891572,-0.289340304073713,0.0158810961523351,-0.449799808599162,-0.431294642690357,-0.0224379951357843,-0.26101858991387,0.592629887227555,0.226311799583978,-0.0174949244394852,0.243041084862494,-0.198802358035682,-0.0242527083257559,0.375593734955117
"NCOR2",1.56946238255793,1.45917180813637,1.14732754136565,0.949336435677484,1.48016950398243,1.32621518254516,1.22091319901366,1.31413314273003,0.644453758960253,1.59381528680952,1.01118793645844,1.46224294686753,1.0491334901176,1.61946365188045,1.49004982846074,1.42104729877429,1.30713706155449,1.26113801909823,1.08169165644244,1.6200232580233
"NEUROD1",-2.65765244703264,-2.82006756661818,-3.28933791939655,-2.92492697936988,-2.98032806502995,-3.41920646259533,-2.92886816690993,-3.14710678180419,-3.47709468728013,-3.46988357138356,-3.19908885309088,-3.1291458028147,-3.10359704655865,-3.0826438319488,-3.48379344142758,-2.55058579604943,-2.663086566292,-3.21427287479162,-3.32141402898361,-2.40729625951354
"NEUROD2",-2.56778869332794,-2.15539957523708,-2.39841840583036,-2.66281159007334,-2.41200158085642,-2.74739049195917,-2.57335628686129,-2.43535554916658,-2.48527910401707,-2.42531170417824,-2.03411549125276,-2.49676781980955,-2.23061257336291,-2.61851863787174,-2.62536710277631,-2.30969941922079,-2.47923908253939,-2.5305820087879,-2.59954826765975,-2.11375385544857
"NEUROD6",-0.213612529494135,-0.539994359632689,-0.415850056473529,-0.731077460287879,-0.82063321396985,-0.593621444288886,-0.713307713319205,-0.522991838624237,-0.998165281323842,-0.493779859622934,-0.618316535095192,-0.227390705075169,-0.432842116017948,-0.964733674259268,-0.830168981550958,-0.804960969250809,-1.09584436390559,-0.791610353535079,-0.916020386126193,-0.5030422697963
"NEUROG1",-1.66920975786893,-1.86261211205344,-1.85580161402067,-1.61981175235464,-1.44423880147087,-1.58398233173485,-2.0476486872964,-1.50212957425818,-1.74970012535686,-1.56177983170438,-1.65934390987454,-0.99013135007444,-1.27031666597397,-1.71708896851414,-1.36040144779297,-1.64556004190934,-1.15970912628699,-1.82122154437978,-1.72819266415555,-1.0918579518349
"NEUROG2",-2.74065028242957,-1.80252176618683,-2.05980331433431,-1.36033681204282,-2.06625857732534,-2.07130991419715,-2.24660643664852,-2.63353781679234,-1.46630010179236,-2.42220329262996,-2.07266322846313,-2.31005319562891,-2.3345698110092,-2.15580060647377,-2.00196580990724,-2.13474383742124,-2.56543431621308,-2.10870743940825,-2.54375356022024,-2.3859716050228
"NEUROG3",-4.67684351182105,-5.14673565179798,-4.99498851854429,-5.04152933835236,-5.23918929544153,-4.9851709556413,-5.27258490313953,-5.15063619392216,-4.38387829075038,-5.20469563666159,-4.57053886840094,-4.99600577097576,-4.8681952973032,-4.78499873420518,-4.86826511215335,-5.38830542397424,-4.69326725045694,-4.89072546688361,-4.84431488537236,-4.80509818652292
"NFAT5",0.888535582914371,1.14463233717835,2.3341523424657,1.0822080634543,1.04356775863819,1.46902005859613,1.02763010245694,1.55369803586104,0.881333533674487,1.79463695533946,1.76845276187421,1.25655371017598,0.839789902975388,1.40228246490179,0.772216271437535,1.42798237849209,1.07262309829654,1.65748456505941,1.17273439977866,1.22411058964122
"NFATC1",0.3172532495803,0.141615586458842,0.228078922379632,-0.560558261299242,1.17792559567666,-0.064027019849632,0.333311801368246,0.602789865232952,-1.39215626491441,0.0228247196363115,0.647990227323908,0.350284279956472,-0.0339251043386325,-0.143522514609304,-0.365147785526128,0.630926451523246,0.398584023234215,-0.0460631739759477,-0.176788820871004,-0.0452200933634175
"NFATC2",-1.80586037277047,-1.2118252016657,-0.518270361411226,-1.16718212030354,-0.429302879404795,-1.06082174145218,-0.476876787545714,-0.773902932041809,-2.35677092864763,-1.21149926830738,-0.563851385968479,-1.52814026613691,-1.20355269045936,-0.96168850890565,-1.70098466030363,-0.475867689820173,-0.385806939353374,-1.43347775343753,-1.16932694973313,-1.07319946698908
"NFATC3",-2.22884912028225,-1.33866475885127,-1.31010897231405,-1.0134469741985,-1.15672526457976,-1.34033158569024,-0.741659524274365,-1.40224219214862,-1.7793809715119,-1.19010850030124,-1.37326206732029,-0.961152403731026,-1.42095913234991,-1.28983964758271,-1.18479715584834,-0.676648754590974,-0.936418019608778,-1.42898583022034,-1.6061608352555,-1.53264006076416
"NFATC4",-0.0818857057051743,-0.469953613963021,-0.345268633810987,-0.600383910844323,-1.09970126189939,-0.882580217641442,-0.57463765385841,-0.45870043039688,-1.13384590972765,-0.744346215765521,-0.535141501727239,-0.53330883699602,-0.556583699087134,-0.944491746784874,-0.669753129326133,-0.539146645865387,-1.05232304628473,-0.575947187356812,-0.788269675139975,-1.21384791570946
"NFE2",-0.0284205580443297,-1.4861024697805,-1.24485206928873,-1.3527565424774,-0.284967382011054,-1.488907543631,-0.79328134454205,-1.52243786981684,-1.34125617524551,-0.99360975837495,-1.13809007803147,-1.39554043164027,-1.07666845575733,-1.46927289200844,-0.795998706140717,-0.571996994849563,-0.315627067551038,-1.6775910510189,-0.788395024882214,-1.06388435906745
"NFE2L2",3.83173409700111,5.09604021888021,3.78029788792333,3.88136773984791,5.44200344448298,3.58007507878088,3.94292264244552,3.78236303597418,3.47827600304735,4.64598324832742,3.44293571369679,4.73015173917308,4.23077846062288,4.00408396229773,4.43488206062662,3.9850930607809,3.82927834595354,4.26725845059412,4.38528671410771,5.22400562253129
"NFIA",-1.68245665865838,-0.645539599225445,-0.56754331845226,-1.66481699728495,-1.31186482936009,-2.51623263247146,-1.41585527335729,-1.57335740531208,-1.53634441343327,-1.31476641815272,-2.16669744958142,-1.71989585690752,-1.30729261385514,-1.75064079362169,-1.16207990483371,-1.66619294130298,-1.31068406025906,-1.81079816919656,-1.24214005436612,-1.5983144199133
"NFIB",-0.714519904668424,-1.28890956225485,-1.16771624104913,-1.49186906629476,-1.42100707386407,-1.38362224799453,-1.09003384769492,-0.873535732364355,-1.02725419422674,-1.91003801761698,-1.74930259860112,-1.73634221722861,-1.19286956931916,-1.51918000399762,-1.58247415029375,-1.18489612561903,-1.98336612167624,-1.27552813252194,-1.31917027127273,-1.73751740689181
"NFIC",0.685957572895477,-0.281120841255931,1.11443397849488,-1.25315325384306,-0.479322686274618,-0.929751012490692,0.0954264921408306,-0.190040566275871,-0.258927710369374,-0.768262459218651,-0.621960938215698,-0.701972670184631,-0.577325490571102,-0.593192845508577,-0.586765428109864,0.0479918833665038,-0.178048541608528,0.287801393495171,-0.570948177709681,-0.751031360918045
"NFIL3",0.517147104498365,0.921616636752856,0.554760875235964,0.97654900130671,0.931037239240309,1.38667067654095,1.29159986771599,1.59619190218775,0.26710756002596,1.27954247178196,1.47706993147979,1.06662905215501,0.756926878856578,1.37380967797393,0.567182001079648,1.56594087781763,1.40129569585145,1.00278299943182,1.02985962869222,0.851625431773154
"NFIX",-1.09196389559627,-0.903468620267805,-0.933068448400966,-1.64842139539523,-1.71414161664433,-1.70236273845819,-1.05352277462375,-0.731208098782038,-1.22256523477053,-1.68157784233832,-1.53017563084908,-1.58885861531299,-1.37891802105676,-1.14661129747803,-1.32472048822327,-1.0557411690989,-1.57141265914655,-1.8345896948891,-1.30911336493112,-1.38521142028345
"NFKB",2.89200009339579,3.38054162814335,3.92905040655076,2.70825473385149,5.78042241877604,3.40638886245152,3.46287183415506,3.66181612979555,1.27512188257886,3.18937278436387,3.32903556716462,4.07274523687278,4.15160329868693,3.68263785346063,3.57522073090475,4.11928559824513,4.00042028417568,2.85534312530045,4.15508439896709,4.18932115642969
"NFKB1",-2.01684546166362,-0.377464100732884,0.274309558068216,-0.70200739952166,2.40771314320635,-0.22646783838224,0.229463725602929,0.0682774354816074,-2.38697011915272,-0.390497805876666,0.140509332286414,-0.167063001865129,0.190116458460222,0.182175005631377,-1.16473223101197,0.725016889476878,0.655486462269616,-0.913217855269631,0.277119860355475,0.00357725833543819
"NFKB2",-0.374870383067046,-0.322236977955846,0.931203127628482,-0.446930907964701,0.637565286975675,0.0689407091237642,0.429171834884453,0.0895783911096524,-1.45695851258171,-0.213032939700074,0.519017904218534,-0.0448466517684882,0.0639848578634245,0.136479635957878,-0.171795295720592,-0.0394365163702063,0.183572940307245,-0.495230342204236,0.421065600763045,0.88535023519659
"NFKBIB",0.58317115919914,0.672548085219986,1.10315025676308,1.03085127531146,1.20777278687953,0.307895293925746,0.578335205802514,0.584302236048573,0.0227609277734852,0.27700842281256,0.370412713230643,0.973811313557365,1.58969245234323,0.531144916159313,0.902885669885412,0.641605104332486,0.494124103843087,0.164296636801151,1.00301044931669,0.812414016563834
"NFYA",1.59565500032469,1.22081117790144,1.5666926413397,1.59188640517246,1.44321007386874,1.04128669848395,1.09082612203274,1.38814639607389,1.42536520068413,1.47950803455496,1.46072618721667,1.22903322090045,1.16726556909785,1.75334282383906,1.12262907855306,1.28019940869828,1.76451030896008,1.48408967802257,1.39528339985833,1.83270829575973
"NFYB",2.59966267102246,2.01496896389217,1.93023129904143,1.28987491914582,2.46427206529513,1.62689568327509,2.13661239312866,2.07315039399387,1.26247820814661,1.67510376960468,1.93317135363297,1.98648074756031,2.31563835903643,2.70126847543816,1.8433865938772,2.60688689170514,3.13187055146609,1.95588661934594,2.20091424501658,1.84501000883274
"NFYC",2.23756262760462,2.2164582055868,2.17439285781322,1.63355266476676,2.51444802865909,1.50170764089546,2.22722171532617,2.21635582443368,2.13112393055035,2.13579035475695,2.36806576900424,1.88762313011484,1.90453479099092,2.26914373890122,1.90619979882397,2.26716470909001,3.40937980929349,2.19336471384923,2.40359428133345,1.77812639215823
"NKX2-1",-1.87076341906337,-1.87503597921653,-2.10341209293686,-1.97814616046866,-1.78088447104474,-2.49190133250431,-1.87237410437885,-1.79613070050198,-1.46521079576475,-1.86378636119665,-1.7235400212432,-2.08059117424417,-1.75257727444738,-1.9477221151793,-2.09402485527967,-1.85743234027162,-1.80767400719735,-2.23969589660349,-2.09133264222157,-1.66763300805961
"NKX2-2",-2.7227001993964,-3.47443985872574,-3.43222058508602,-4.0294297935954,-3.06501877256336,-3.33193441654864,-3.2517178045829,-3.2685741464123,-3.56327308578885,-3.6231614241658,-3.97983574839768,-2.81371960099853,-3.38564564757906,-3.33627632345834,-3.34148092315585,-3.42175173412697,-3.56604245851732,-3.26442570356637,-3.55488629175982,-3.25499742369259
"NKX2-5",-1.28215968111535,-0.231089211664166,-0.955229557576861,-1.67729228226803,-1.61458891068764,-1.5140491245907,-0.0594747800912934,-0.585006748447857,-1.28387926474872,-1.00939513561027,-1.54027909328819,-0.822864396446276,-1.03341410511413,-1.14258640760241,-2.02258636858075,-0.0906484440798183,-1.0171440936794,-0.844836619916973,-1.58102717243749,-1.80186917035328
"NKX3-1",2.13575387618261,1.30263739242276,1.62372223354875,1.80023612335885,1.80200006646497,1.97464338242366,1.61523813618316,1.70284033300676,1.88687442752631,1.51803164422337,1.88510428636535,1.6234197749023,2.27895716767153,1.934944507787,1.90554883762347,2.00371247577023,1.67362731427618,1.97715027855621,2.03958057810855,1.0525116951385
"NKX6-1",-3.72616793449483,-3.51675685482144,-2.65976522356593,-3.27256125903234,-2.96306011983748,-3.46172573450499,-3.80821154573362,-3.38553426856184,-3.0794133535474,-3.09704543559872,-3.50222331338781,-3.24974399057886,-3.14892121405277,-3.30721148676897,-3.18092660150453,-3.55588804632961,-3.42781678808939,-3.69337286922339,-2.99761005786572,-3.05802450382961
"NONO",0.317853039105698,-0.337133785459966,-0.116018565099995,-0.321149745807659,-0.447809539569362,-0.822570758416218,-0.780035289701598,-0.740464167788144,0.496509315923873,-0.406278260618775,-0.28347063382363,-0.760872776911543,-0.369112123385816,-0.735508924315792,-0.0465987223117048,-1.14905577316088,-0.361117473863935,-0.334902352237962,-0.845632352928964,-0.623083293385651
"NOTCH1",0.36048722172766,0.0638450965867768,0.931608891051842,0.311949068103994,0.162304414118629,0.942633484621504,0.324119717852566,0.631343979003009,-0.136017843402539,0.606679989297437,0.839818952870063,0.479473617440789,0.206954585382157,0.496344314760212,0.301887728834019,0.854753719448636,0.234911791369826,0.937779084454646,0.80712192581636,0.932662756405689
"NOTO",0.125998476984599,0.541013963614198,0.261312475965472,0.79027905028043,0.59872161628427,0.624962752303181,0.87074990897263,0.354882788279645,0.16112936682464,0.207374795211999,1.08517741936554,0.504851335588569,0.720477346067108,0.699165595817429,0.162768080613,0.673502200551673,0.900368730750842,0.580026374586029,0.339260197216991,0.411115685914073
"NPM1",3.2396203747924,2.84104218335551,2.88466374775939,3.16106276563513,2.89893890013651,3.71504829261277,3.49703822522685,3.30787469445717,2.80942339563863,3.47100380580765,2.69845833913434,3.52860888739345,3.30686146845682,3.23930051466288,3.0161915320139,3.0513214674277,2.60202187128227,2.95823389760221,3.49322981759118,3.72021554415254
"NR0B1",0.291487920330741,0.404739069162574,0.230161419071317,0.299384673013703,-0.118998625046399,0.131748326403103,-0.307977011859293,-0.424122163834928,0.394873488083337,0.567858840231821,0.302670113813635,0.00879793711773115,-0.24106638802257,0.556789148141791,0.334012389549383,-0.0212600858246219,0.137024182995154,0.0479264265845175,0.522936894343898,0.640520417310439
"NR0B2",1.40461807781532,0.338786813198574,1.21820163692508,1.63803070398071,0.927436554267427,0.893708106245858,0.990344466330597,0.598318895617922,1.27077860121815,0.666175804938396,1.00207123039642,0.768974590121414,0.62409440426834,1.21526886417761,1.35614196521786,1.13942022297428,1.13283564069157,0.969165579239217,1.20466607046465,1.00690342572205
"NR1D1",1.373192858403,1.20356103193453,0.470224870413385,1.79847891036651,0.807875750958559,1.23532461787826,1.34645842104945,1.01704930255145,2.12247993624635,1.00821890303975,1.19762475177814,1.1852614669667,1.78040421404431,1.66321506550339,1.14482387614622,1.63341240342342,1.48178762182311,0.978465155053004,1.48968405614657,0.934915684617583
"NR1H2",0.455997963467303,0.410528933952801,1.13264125076817,0.254369992856779,1.47162054829122,0.564575712991689,0.407440977733728,0.414789562905387,0.57913272671491,0.702160679811851,0.442555262001147,1.05396513690376,-0.241570378930509,0.909321424335029,0.794630816138571,0.379141672123346,0.883450268634765,0.977853763925912,0.676698758631376,1.29515076670585
"NR1H3",-1.37816997168721,-0.820262783140409,0.234277890351984,-0.845056329865451,1.05974707566832,-1.16089633746355,-1.18679940561848,-1.11655364979514,-1.36828582712818,-0.328920627612015,-1.10885803507011,-0.406697540721026,-2.04775505523591,-0.247180502204389,-0.631208848434677,-1.35956373880076,-0.396573043601716,-0.367243747225498,-1.38600994486497,-0.0487626942730342
"NR1H4",-0.783278247140242,-0.242293819831214,-0.216517832958618,0.0300249090473073,-0.245655491423036,-0.454428341332017,0.160991521828392,-0.430260512198618,-0.129524973472163,0.458967947495977,-0.0103233796708776,-0.325675309767262,-0.746071612984547,0.177636207322431,-0.119187281513273,-0.226089156518066,-0.639561946524248,0.68101193549545,-0.328295365696216,0.698898190206123
"NR1I2",0.489282072054204,1.28081029415466,1.33682974084445,1.66929285331117,1.82319237213829,1.05283344017919,1.41674695764279,0.967471009141649,1.3266602993493,1.56045891578507,1.01922255530256,1.30430280341832,0.812877571650244,1.15087040693371,0.979197303419231,1.0060965573876,1.35468389018974,1.82808737159614,1.39019110614951,1.86373911266551
"NR1I3",-2.82312288208112,-1.22944921618743,-0.905641070585423,-1.56208392522018,-0.115506792394611,-1.41384365190405,-1.58572821658676,-1.65058440440936,-1.59556988374685,-0.671775401429,-2.00710114368225,-0.843749656781509,-2.04608608477996,-1.62848441359422,-1.38934617713952,-1.21993619303326,-1.99221829627359,-1.3952245715581,-1.6462540593739,-0.677428632112529
"NR2C1",-0.593510604216825,-1.69020959802567,-1.67394631263409,-1.5422492847145,-0.330038202706545,-1.49246789240769,-1.4728217621852,-1.52165288154343,-1.19928554102348,-1.57242693114511,-1.51994264867143,-0.662074520367136,-1.12963596318398,-1.82931257907258,-1.39358851465632,-1.46386647324986,-1.48492147853931,-0.753872863770502,-1.51489216452344,-1.38848154202556
"NR2C2",0.719888425477105,0.113721222213113,0.246240567711846,0.604068518304252,0.757963996968129,-0.00449838622121174,0.0231228560963113,-0.0330393476543988,-0.750035882742532,0.0675022108326694,0.353985893328237,0.737165745654705,0.108482224852372,0.118762918133774,0.233529330590648,0.336826010745541,0.159980066773859,0.329605099347208,0.0900898237538438,0.377814399542522
"NR2E1",-0.664071056498701,-0.75266057395821,-0.188726102995644,-1.33562638187405,-0.96047264289035,-1.14623364034962,-1.29572676156802,-0.770700927504961,-0.555780391474583,-0.73497527473722,-1.01209959761829,-0.973010135235701,-1.15701305853132,-1.16907445731404,-1.16845885212835,-0.728250190914202,-1.04027435045264,-0.979026142276486,-0.561512990717961,-0.929587539903257
"NR2E3",-2.49289828406413,-2.74571561099241,-2.07910659557953,-2.97249685951484,-2.04177142269376,-2.54025840695901,-2.40425136469403,-2.53479154032916,-2.85562723968321,-2.89376046891576,-2.77734813536543,-2.82098310227614,-2.16975554435849,-2.44142133229603,-2.36381084979437,-2.52660410132417,-2.05761208221247,-2.61220201818909,-2.63625707754857,-2.73975581296097
"NR2F1",2.44127563038471,2.41255597500711,2.05576668950748,2.60153679466202,3.25790039473405,3.02786025622247,3.27640574883838,3.25653708837909,2.72326539932899,2.38844875315223,2.81986516022939,3.51591535783971,3.28622040048199,3.15637518124876,2.48737324501622,3.26295277038323,2.96175232589511,2.98221035155388,3.01640596318182,3.43059333153114
"NR2F2",-0.561299143953541,-0.13960381908299,-0.685202998705297,-0.162945566544354,-0.0219725713228291,-0.354924788126875,-0.120453483323045,0.240112956921704,0.056913872569217,-0.271938513284226,-0.481244650951563,0.0550234623395645,-0.358824593642509,-0.241039745294614,-1.21658133609454,-0.154942944422092,-0.441435686180363,0.146714368110562,-0.823562122683856,0.0266501924247812
"NR2F6",-0.784305078603081,-0.174829581139473,0.680662270958736,-0.326560993427628,0.594245792773525,-0.717707888687957,-0.416252857474033,-0.152302653182927,0.106135518623649,-0.435980767625409,0.0124019968584579,0.365650447720175,-0.545880159230539,-0.44233002244296,-0.490690243637867,-0.343146763694296,-0.223406813730053,-0.205165921374571,0.0701198801934331,-0.00320623841190215
"NR3C1",-2.1896108273397,-1.05931754001931,-0.28952090603863,-1.91701756172101,0.733924970236199,-1.55977334792945,-1.29828788379101,-1.14774639712864,-1.62831757222217,-1.00891117108188,-1.55409846223304,-0.815421353403645,-1.438496747253,-1.6598719282551,-1.4841413775072,-1.65916723650892,-1.40320318969537,-1.21832760222577,-1.53836471517973,-1.5190545199715
"NR3C2",0.468623313007653,0.550606709855377,0.84732143077883,-0.59029933201455,0.42341408681728,0.414105628878793,0.317687841918678,0.402272905773925,-0.0125110513673041,0.843478643062637,0.433979978869701,0.737832331938268,0.704039867529978,0.230286384485042,0.383182125721149,0.758071154602261,0.651088523982387,0.871178600980121,0.0829216869113554,0.523387551263231
"NR4A1",-1.94034295610233,-1.50368299167208,-0.924761204686497,-2.58763703047717,-2.19776056832897,-2.10028847844578,-2.00454343109192,-2.05993950104722,-2.32962210769712,-1.79086689199138,-2.55029079912044,-2.53832242395101,-2.16075497643673,-2.30390684571249,-2.50916629661543,-2.19027233506009,-1.83940650668199,-1.39440033792088,-2.56885302732777,-1.92280479216896
"NR4A2",-2.04165835003009,-2.07192998446234,-1.68262880110143,-2.11333646574893,-2.47124195698949,-2.06375070445551,-1.7805957157826,-1.82772938089461,-2.16928485356129,-1.93854199368797,-2.469304378406,-2.15241565434129,-2.70081462005194,-1.784067439434,-2.23050745047063,-1.71620950336,-2.13052274425741,-2.10159999927317,-1.81958364244953,-1.9425549334576
"NR4A3",-1.00742065014545,-0.686170787023125,-0.816981077636337,-1.09597405969525,-0.22893579849475,-0.80806335938424,-0.126339763607871,-0.64038683371485,-1.14496736843403,-0.0768720566998917,-0.72627726223043,-0.947360088304919,-0.933358537838503,-0.504945182245848,-1.15501294291753,-0.357831878402267,-1.23469026463675,-0.862728229449286,-1.02591063443789,-0.79758607253525
"NR5A1",-2.04166408695273,-2.09752774821268,-1.34281505227025,-1.83806896289455,-1.4910165367419,-2.40993388647632,-2.12382410052128,-2.43700814190174,-2.71293900300122,-1.82355709841597,-2.89102061534248,-2.04968305197559,-2.70592726194853,-2.10742052004459,-2.59909496586842,-2.13005777668987,-1.76201720431736,-1.47807579426599,-2.75955063183888,-1.66295918025989
"NR5A2",-2.84559721753671,-2.16849528919048,-2.43259468365134,-2.49504788054883,-1.57367289119949,-2.35185103272846,-2.41434996038566,-2.46374049548285,-2.71526596068608,-1.29007848859103,-2.14197307716175,-2.48706813698265,-2.86098333002584,-2.55425939472663,-2.39472379042969,-2.65351036283553,-2.23822515701363,-1.66769058571868,-2.43613104738765,-1.93311136512185
"NR6A1",-2.84547780811296,-2.57258463356508,-2.50991026140005,-2.37994783881082,-2.44382441702874,-2.46878732615407,-2.72311129816061,-2.50786904356276,-2.43861955871533,-2.75266424748249,-2.24416264154087,-2.78458768951499,-2.94461128435273,-2.3275811511341,-2.71010205962639,-2.2227432745589,-2.37932989466777,-2.4693494855432,-2.41541817205723,-2.4941799681462
"NRF1",0.0701778882616671,0.332442858544893,0.379405272548841,0.590983278118222,0.606957466549732,0.0851709692115746,0.278238099765689,-0.139081166985108,0.454685791485347,-0.0812115909024928,0.148148195801889,0.221586012272556,0.596232568466294,0.137629722135399,0.069438398517669,0.159510167210514,0.277910889753813,0.221056908345779,-0.0708473745286194,0.898036565065837
"NRG1",3.50894119310914,2.99588519495377,2.98623158617874,3.04426295868896,3.13560713851205,2.82851498780976,3.07719982239058,2.95987007509697,2.84745420930558,2.97059439873316,3.11392937832122,2.81075264941169,3.45547014571162,2.81634429776,2.69372721478832,3.03434134331164,2.97865827114444,2.90201112222865,2.95590251897799,2.70643224483503
"NRL",-1.17406858422024,-1.41617071183738,-1.07465337956856,-1.17307535763388,-1.13935493694792,-1.5176387102469,-0.990103346036479,-0.993564557822878,-1.00879338954655,-1.17825496501881,-1.22685633315484,-1.60915450882747,-1.20757194532795,-0.767644047564303,-0.766205226498513,-1.36514152418236,-0.484091074127772,-1.62317125368329,-1.16095989089961,-0.967337820073631
"OLIG2",-0.368981154060177,-0.306661608498955,-0.0872163189970853,0.148243083567423,-0.41067120669466,-0.500794580054645,-0.219738383668363,0.173833249315994,-0.151478068258725,-0.29175177963689,-0.392567308325993,-0.074851658089891,0.0137808055011084,-0.0108465281262121,-0.610754829578966,0.256905709431068,-0.0264830835659027,-0.319409421038799,-0.0191164006516048,-0.0234232156366586
"ONECUT1",-3.39923212358335,-3.91284422464484,-2.42792192020893,-3.80858285477142,-1.10434265137832,-3.52574293022431,-3.77788603822295,-3.61940408388299,-3.14524839370495,-3.11134372936748,-3.66528607093018,-3.12489130404473,-4.03311653192171,-3.21879234832564,-3.57232011127591,-3.94787891519164,-3.65832892724455,-3.61340377231496,-3.22699477518576,-3.31832168913316
"OTX2",-4.88964633913535,-4.73546772230932,-4.5409988863237,-4.73316704636216,-4.4827414722795,-5.09135762603322,-4.74578264119437,-4.57949258756676,-5.07267473843033,-4.65570767164034,-5.04741385207872,-5.25353731005141,-5.00371545237909,-4.92680627729673,-4.99900692175303,-4.2157412964329,-4.47884891746189,-5.06718987059316,-5.10964710133587,-4.70092729067116
"OVOL1",1.68637491583489,0.888778223534655,1.55587299848281,0.781985375022847,1.64709843468572,1.04088080531846,1.31980195119095,1.2235023948202,0.952206083388835,0.936403559990462,0.974626505466746,1.44293173576494,0.907479121724741,0.816494134042296,0.961263985291993,1.64140307002069,1.18710107022406,1.13803072751731,0.60388436499664,1.21043865352653
"PATZ1",-0.3816167075052,0.0729082201371415,0.176835237563616,0.707792784649909,0.293834913456233,-0.0500311680979528,0.38716841455593,-0.178272065008673,0.334187713261332,0.437903861152079,0.419840200188133,-0.509415228541718,0.25532512289608,0.0777967645433514,-0.157441558370799,-0.100396702733938,0.076594553319032,0.113635557077332,0.286734157845482,0.433764029285948
"PAX2",-1.81298469472822,-1.97793939046784,-2.99277144385098,-2.01475479593981,-2.735387092116,-1.99215179484873,-1.81752876640716,-1.69863705370117,-2.07306652613729,-1.98344556662935,-2.5912220705805,-1.86487242315294,-2.82724558609336,-2.06321426408283,-2.21609878545484,-1.56077376808596,-2.49214217204922,-2.06140237136309,-2.57249388768027,-2.61776964934942
"PAX3",-0.796430905698473,-1.02426544686229,-1.10591260159195,-1.58917753609317,-1.63900073425118,-1.28996229453526,-0.590129733372134,-0.669354448977863,-1.93484720949431,-1.07699710874207,-1.79699363345917,-1.31686843092132,-1.66002714462714,-1.16975475227781,-2.19203126944684,-0.0645695052676565,-1.90850785239066,-1.0279486408742,-1.38087544064109,-1.77221120930736
"PAX5",-1.69564669707152,-1.20501728405552,-1.13186778747066,-1.62166695908787,-1.31412677316857,-0.486331735581087,-1.40730082695352,-1.18044289894646,-2.06599557923133,-0.817705256975113,-0.288675304202637,-2.04583704110436,-1.74963211266539,-1.077227665302,-1.80018616449754,-1.3198900621251,-1.2498130167719,-1.2372220203237,-1.53530804775787,-0.772445658587955
"PAX6",-1.25664994221232,-2.10460957654982,-2.40744972732153,-3.64517941057013,-2.27904257581057,-3.25301270185778,-2.56040376475272,-2.5475920811557,-3.15153936944459,-2.8712738722678,-3.0947298849614,-3.29752777986433,-2.16239819289839,-3.1734307543093,-3.52712897296252,-2.0870858030383,-2.46535837777418,-2.91501928374955,-2.98571706191964,-2.90254062472262
"PAX7",-0.406414692517953,-2.08391600867248,-1.61157233554247,-1.45048621341181,-1.73709830833332,-1.25026187848398,-1.26360733932538,-1.75213703265247,-1.19417199001321,-1.40959637125302,-1.90017676113243,-1.72869912508293,-1.19183124134621,-1.47507685224243,-1.88553690142985,-1.48648770875003,-1.09180718849208,-1.22969088134803,-1.18493753306393,-1.13994304036131
"PAX8",-1.07758052055095,-0.936938592367298,-1.45432200397137,-1.80419345329251,-1.48689411292238,-1.21029059254093,-1.4311601438006,-1.29131786506705,-1.27317930660328,-1.43140971525576,-1.02802177746419,-1.04614248960417,-1.00221308345481,-1.14239436146832,-1.53574059313213,-1.54366020654324,-1.0820646262482,-1.11759807518568,-1.11355527474308,-0.613738575406277
"PBX1",-1.05334979892651,-1.42869635235082,-0.946257543811609,-0.329529432969101,-0.505186087132814,-1.21174518531253,-1.16742001202951,-0.690533416860784,-1.29962750228253,-1.1414178804296,-1.32173216625731,-0.842324797631627,-0.506977322842783,-1.27758980363267,-1.04922817656755,-1.40333783517465,-0.285208981499701,-0.853929372672196,-0.869765012383064,-1.33418535760232
"PBX2",0.980820937728093,1.32873972228741,0.982017080645457,0.443285995974009,1.16183959140788,0.94327954243254,1.02753062257153,1.13406504692477,0.539334840360614,0.761749462944568,1.13370599816957,0.877329233498233,0.900792477125734,0.392771845508048,0.654837705104119,1.35192681829225,1.52449746739064,1.2812080003249,0.79425214035698,1.55898989032261
"PDX1",-2.14438605834193,-2.51407507379514,-1.33354812215817,-2.05686001128349,-1.60493087649481,-2.50239611341182,-2.72970377025778,-2.51877020713839,-1.91971513513546,-2.30838414036587,-2.54159454592953,-2.55572757656048,-2.35610280253312,-2.207446293981,-2.36296493539434,-2.70197714330662,-2.08962506842772,-2.4313359075462,-2.38092847585071,-2.29569450543843
"PGR",0.203535725188194,1.15006494820757,0.591356007849998,-0.664481479441536,1.23149592867486,0.65282147110993,1.14959923072806,0.920452054058823,0.213699457526685,1.13789721943802,0.43276127625662,1.59015698365971,1.02086596439468,0.410820665934786,0.468759858327374,0.823268197371157,0.898690638360266,0.920151903402155,0.637280255088866,0.670659581144767
"PHF20",0.113977858222496,0.754762023919769,0.728958677577963,0.417538764738376,1.33552669417992,0.425042277933505,0.722398186903568,0.306634663167296,0.321432611937293,0.283321190736701,0.730809912477417,0.764356124000299,1.05746505970111,0.795213150888677,0.492506516614364,0.505325906616353,1.27192126503047,0.652419549923134,0.0669967930929669,0.735724999973033
"PHOX2A",-1.93222235756009,-1.36960310026691,-2.30178155473652,-2.61181528671794,-2.89935077619681,-2.08053805753266,-2.05439946807057,-1.92083686878331,-2.36690865566048,-2.68456690937295,-2.96537914395387,-1.16907255915792,-2.24163252407478,-1.99426906476979,-3.12775469804464,-1.7839712320645,-2.4507901344313,-2.0644817674407,-2.48096158566515,-1.9870390860604
"PHOX2B",-2.47629813625128,-1.13492846073524,-2.20567207634352,-2.10949945019207,-2.44797772285881,-2.17056301368334,-1.61450935813373,-2.03272522088572,-2.21643740373386,-1.86606727446569,-2.73907383250877,-1.38183966765003,-2.29388745589177,-1.50453481085524,-3.32046175773813,-1.27238171190957,-1.99119879155133,-2.09955843490627,-2.35003959016716,-2.72602397706175
"PITX1",-1.91657709743028,-1.85154039457869,-2.2381119084252,-2.73459578454481,-2.55397575198412,-2.17503134405336,-1.83455681209229,-2.17701136672782,-2.00070937609553,-1.95876143480453,-2.58920094044641,-2.40225414713588,-2.4648595622743,-2.61761620555663,-2.26140700079045,-2.07420463246936,-2.99995229479744,-1.88586683441781,-2.37564632187507,-2.0312403629618
"PITX2",-2.02594845325911,-1.72529313331699,-1.4867541864584,-3.21235025849839,-2.0861241090213,-2.64752194670769,-2.65318416265028,-2.14578329249784,-3.32597302759354,-2.44468182204674,-2.52844485815785,-2.24374951779621,-2.80469021096073,-2.71803295233359,-2.49104904587629,-2.18350812198634,-1.97941131175523,-2.03279748327385,-2.77987571919739,-2.89829756557434
"PITX3",-1.0852640445581,-1.72262067317149,-2.12292860114159,-1.98940292641295,-1.37593177419853,-2.11472824776665,-1.15599796641068,-1.77739317680875,-1.66576606587454,-1.85291822768987,-1.80616721158093,-1.25983167628073,-1.82707812639377,-1.78405306775972,-1.51641029199472,-1.57297513627009,-1.35886212248279,-1.59738262126473,-1.49936702536124,-0.861483343850491
"PKNOX1",-2.29003723291539,-2.01809743737822,-1.57496107407261,-1.95011667206593,-2.04420623278284,-1.54693913056694,-1.53246417441175,-1.43133009955464,-2.01853846585739,-1.92699839819617,-2.15870744236026,-1.92294606445182,-2.37041399375356,-1.73864126567958,-1.59635850343516,-1.59424824497547,-1.52021554793718,-1.85675910119639,-1.46151575222684,-1.67286803429823
"PLAGL1",-1.90245906651028,-0.85878046994872,-1.67422493460923,-1.09980053384298,-1.3818143121839,-1.14817408180421,-0.861377093587324,-1.27089045171064,-1.30244181745025,-1.09299831584714,-0.723317673187277,-1.20414120443115,-1.58269228265845,-1.46887565943034,-1.53416377214708,-0.976787396602668,-1.19583979302086,-1.21894280151687,-1.98404614765057,-1.2200597888751
"PML",-0.685634745923716,-0.943321538471135,-0.491493166737264,-0.276644981033784,-0.36260962711399,-0.369598747247418,-0.995510158222178,-0.723778499302559,-0.585174833936822,-0.63090672055573,-0.586085773437889,-0.7246353082478,0.135120787211638,-0.157801903298433,-0.558070723081851,-1.05962638005301,-0.401666916842711,-0.6133419066767,-0.463667009079996,-0.770261058069345
"POU1F1",-3.06682046380939,-2.80925600771042,-3.02068940171408,-2.59334056159375,-2.75883895130248,-2.84989339157887,-2.91826077334669,-3.1166805645787,-3.19124648634206,-2.68411873424363,-2.78430811316418,-2.89113370928915,-3.30191931582433,-2.48074693618886,-2.96536281639391,-2.43668811895094,-2.55757987605868,-2.58979859915278,-3.45812603524909,-2.28299318831171
"POU2F1",-1.68232687807405,-2.41765699356277,-2.07924776282549,-1.80204624625728,-2.02547371751705,-1.8979768386221,-2.34014416183117,-2.15147100107283,-1.84517029919302,-2.03484150496529,-2.35313413132066,-2.13556628722714,-2.0519996834552,-1.85633774834666,-2.02847567227532,-2.35258460775821,-1.46852753921009,-2.07199683420136,-1.92889871534978,-1.76653875661141
"POU2F2",-2.05001724179483,-1.9395360086957,-1.61961870030866,-2.60793256780521,-1.19731535403585,-2.19259890860978,-1.89258092473491,-2.0635705178172,-3.08179180846523,-2.54615460136971,-1.63042831434619,-2.58402594511168,-2.32265984422168,-2.25157714683524,-2.66498977564109,-1.91355170399809,-1.33646829991876,-2.02633893498193,-2.12793834552942,-1.76549665667042
"POU3F1",-2.22011798036071,-2.20134594654277,-1.98798508883579,-1.89793236604969,-2.60522094509661,-2.53922504587168,-1.88656602270178,-2.26575461721895,-1.93910723573298,-2.60444011634725,-2.355967181506,-2.03275316486895,-2.65329661467631,-2.0525387348268,-2.59679420294535,-1.96276476271231,-2.61942471491153,-2.27606131380556,-2.02720114734313,-1.87267130950517
"POU3F2",-0.678568698055325,-1.5943719165371,-1.70099466205377,-1.18031920682793,-1.53379674809792,-1.68216833588874,-1.83420213000878,-1.4734944588917,-1.06959779194358,-1.16769735841784,-1.63168574701324,-1.39701159373699,-1.23601710673028,-1.56968635816909,-1.39632719570919,-0.864044181140656,-1.63092820186069,-1.53770445383109,-1.29285345059375,-1.6885085116616
"POU4F1",-1.44726257421624,-1.1300922828406,-1.69766096439876,-1.26981520950251,-2.0082424231526,-1.36040687033769,-1.26771074469335,-1.24853378707196,-1.38141194885128,-1.43970465732444,-0.960334333505159,-1.0083126227699,-1.34333476333085,-1.04123242007785,-1.69786546280322,-1.40705806955827,-1.20058077412318,-1.20113276910903,-1.31416183073796,-1.35808652677956
"POU4F2",-0.179966844543881,-0.7444209771151,-1.0574844569382,-0.346208384817126,-0.641324088223904,-0.407211520651532,-0.100976934623972,-0.40645439698479,0.181081633499768,-0.189869083446427,-0.862036766150717,-0.306919578285145,-0.397346963246382,-0.0774895678229232,-0.745899108549829,-0.284724211463144,-0.254998681717539,-0.184921673444235,0.0522307100603314,-0.0205180714710566
"POU5F1",1.01359760136838,-0.00895446970536814,0.209555284233446,-0.00330574626795768,-0.0630733837925781,0.235259637390558,0.0887465391068939,0.0343059810819277,0.663998744214151,0.245636408651386,0.137502985576307,0.214091878343363,-0.241623586092661,0.379667071768477,0.678797008531322,0.43104031843803,0.256273060549282,-0.262993687511614,0.46752712158651,0.183036963776171
"PPARA",-1.53275479042848,0.0704876371931629,-0.488521447053325,-0.144706879128098,-0.289089317406354,-0.524691139917484,-0.974193263418366,-0.869936368732731,-0.764886705314162,-0.16816537429974,-0.351469630699319,-0.505352119759136,-1.13687928857119,-1.36377959605779,-0.152128850952284,-0.872534889088321,-0.701590893447172,0.0950561770880089,-1.25490979409685,-0.733428459767019
"PPARD",3.11876646864538,3.49867264119312,2.07458062839212,2.21354380514931,2.9435597576456,2.51793565861759,2.69343123436867,2.76794641194487,2.24140421579765,2.93203177647998,2.6625086924648,2.59430299856059,2.5343276468811,1.45141072922086,2.49804176493252,3.01888932847837,2.15772643227098,2.70959907816973,2.22375304084434,2.85797064320046
"PPARG",-2.40612317128581,-0.838832082485963,-1.36111890794905,-0.350761593244312,-0.529138008961081,-0.971775771754634,-1.55975059549531,-1.84997101944704,-1.38225413153134,-0.875965701906222,-0.91281213296337,-1.01993317021922,-1.00499425990546,-0.916127327583254,-0.781559074877414,-1.64511621289821,-1.23008481538823,-0.127551143372143,-1.15857319534518,-0.654295125292963
"PPARGC1A",-1.52334685549028,-0.854842694870114,-0.584949050778343,-1.07026872180335,-0.591989980088932,-1.46652878527219,-1.50461151304917,-1.20372385978751,-1.44497142361696,-1.15322433541044,-1.40248127146213,-1.16925753132464,-1.30294032267063,-1.64241536611984,-1.38285147962499,-1.76860133087176,-1.55972304801966,-1.31427823430176,-1.66182729044271,-0.588154943294476
"PRDM1",-0.43180633957677,-0.839395723137455,-1.08164099106818,-0.77130924783623,0.217861920443815,-0.71201162188308,-1.07675650704246,-0.167905640924841,-0.629144853367731,-0.655054392035318,-0.365814580158737,-0.478466493286824,-0.237822003549046,-0.737810555719462,-0.342028368023213,-0.84694166409495,-0.528527363818561,-0.755828583558586,-0.256388540001975,-0.502833392914458
"PRDM2",-0.393236147680359,-0.33350673890924,-0.750400403389468,-0.509562492609934,-0.273509806782678,-0.462019289360806,-0.819935961861662,-0.734122678859418,-0.659602537945033,-0.552780797503472,-0.206079992233335,-0.228414495965036,-0.703272937889048,-0.311088550053803,-0.146254763484798,-0.908828057342562,-0.333245877900916,-0.244334313873226,-0.628024429980613,-0.220657188630042
"PREB",-3.30262293667479,-3.27295984820068,-2.95704573383902,-3.09230917136316,-2.21595903833977,-2.97697043859796,-3.31510750033845,-3.2377418314037,-3.36524535064133,-3.15250256272877,-3.00369589147611,-3.4273427831127,-3.80753323141351,-2.50599288905784,-2.91186890627429,-2.91918492484575,-3.3100814024255,-3.05532988709582,-3.1950485774677,-2.27095079866727
"PROP1",-2.15064114765697,-2.62566757807223,-2.40306916389234,-2.46905713135102,-2.424778527407,-2.26923571988265,-2.52156974572189,-2.5550165705903,-2.1585626130946,-2.84966036770791,-2.16492392175665,-2.68299405767129,-2.80447673942162,-2.38326957614447,-2.53164992330027,-2.29183540423659,-2.11661533701156,-2.16508230413758,-2.781254094517,-2.2360335955392
"PROX1",2.01011913191237,1.22220530438829,0.861279841538849,1.13627786595155,0.853475367597442,1.12160307180874,1.63024080519184,1.78503117258992,1.85184868007823,1.29257035625069,1.12797616146303,1.08517679107924,1.15728344904955,1.11327383053959,0.934463236158443,1.26782050456219,1.24380529188947,1.79729827558621,1.58776312411021,0.956640741659472
"PTF1A",-2.61767003281259,-3.10432100550494,-2.91297584136499,-2.99309880091306,-3.9692968892491,-3.05097422308341,-3.47483779615265,-2.98430225738923,-3.22530321121248,-3.37484944948586,-3.12360924316764,-2.83871907541106,-2.72858685498712,-3.27003130029203,-3.35543546162085,-3.177093452751,-3.00022309985873,-2.76067634047254,-3.40460976538219,-3.26299001596202
"PURA",0.122062446520219,1.49741572685052,1.43229149562632,0.520788241343288,1.09341276922871,1.33100743524544,0.92704763872357,0.601783192466682,0.262685869387546,0.753272382372643,1.19352811013,1.51413628607615,0.358323046585279,0.323339721301883,0.680455253198106,0.914607602188953,1.07285371070905,1.59595807670432,1.19905868410971,0.818418886248705
"RARA",-2.3041617970969,-2.70766624828726,-2.5342262516796,-2.53854838621281,-1.27145733551239,-2.73298945621203,-2.50452812132522,-2.10383480205739,-3.59046801418854,-1.7646171471018,-3.2075285771525,-2.08581346047991,-1.99369143545104,-1.99854008873907,-1.92211316017993,-1.97312549475698,-2.2894221232488,-2.33611124447017,-2.20073794329951,-2.1753329218278
"RARB",0.627749142527543,0.655903711906693,1.24370287964569,0.951336241437084,0.761752491955584,0.798828078448141,0.477202521413534,0.847293988846503,1.2668385837212,0.726513646136293,0.274382522999971,1.20142271561834,1.02478941923035,0.685908577401637,1.78942510427209,0.772640689592019,1.65248060076604,1.36594551839898,1.24439122665394,1.05564627343975
"RARG",-0.124625951028362,0.526688902431939,-0.123624370139295,-0.634904304246096,-0.89936040308964,-0.15564074358524,-0.0571517740145313,0.674924130316345,-0.21667382172035,-0.841670880199434,-0.231936835796749,0.472022113623171,-0.212518851658779,-0.64924291152689,0.175283491906053,0.56733519687354,0.825872205526443,0.532054857443812,0.130200847894765,0.122421815797028
"RB1",0.416881486690901,0.738603312683925,0.324184711433074,0.606394089706424,0.908172577737649,1.23155335930868,0.792832580114787,1.18534757696543,0.859337149907497,0.821053769705952,0.880713969131858,1.1098684820743,0.584978683276102,0.921441453981088,0.771994772247243,0.920384816600884,0.796002199837652,0.650706201421262,0.766745344413188,1.25212249926306
"RBPJ",-1.44014961386898,-1.62210627858047,-1.1338796701084,-1.42192898448257,-1.09003607104136,-0.973790496454873,-1.69931579880697,-1.70694101356453,-2.22081377816267,-1.55675299822523,-0.871815662398301,-1.4410517805457,-1.33921944517344,-1.37178361990887,-1.11065029189605,-1.55805658762629,-1.13928507213311,-1.52568464011232,-1.3497634536879,-0.895174904741722
"RCOR2",1.27017684162692,0.95434045549497,1.26447778632365,1.62711551136368,1.4811407085834,0.615949339564675,0.981746086755138,1.45842074592539,1.57238551041678,1.51962057346809,1.40790474239268,1.01938260865721,1.8315249539067,1.51062214068175,1.28691614582003,0.818607831972821,1.05865914922016,0.700572168949454,1.40459366137386,1.40213479257119
"REL",-1.35865378146139,-0.581714062688513,0.483648140414293,0.0191808829719739,1.74921800907228,0.402802446970941,0.624344211027214,0.819078410674077,-1.92552195823296,-0.135184204961599,0.195699046384537,-0.0125985489626154,1.14071761220125,0.498603105942197,-0.531930289462193,0.245080327891885,0.871558880335576,-0.573695256601609,0.698045311742875,0.441278266449649
"RELA",-0.439962847499253,0.478391852669577,0.899557391402939,0.111980771226204,3.32640326587708,1.06526406992765,1.02690092224422,1.18906083174434,-2.32860771746919,0.593457490803505,0.91260187695857,0.936564953037836,1.63475146480601,1.06323410476683,0.430337643107877,2.09479320901148,1.73954781079757,-0.00521782339297974,1.44467938160157,1.54912077609466
"RELB",-0.562023101599687,-0.139491258546199,0.640915152329516,0.302270978928179,1.37281834744225,0.681788276013892,0.811237569374142,0.736293234948894,-0.714315301846952,0.716834287963939,1.20820489061491,0.354847796456171,0.149203254822594,0.580050638424575,0.102310182856765,0.654738510430704,0.325788683860499,0.128399447004538,0.629699423128317,0.756218842951087
"REST",4.97905744802168,4.54740647067127,4.18121295673977,5.20508572268093,5.58230810570771,5.44780105535477,5.27300313800068,4.99419627429872,4.51677946318504,5.03300108918289,5.17788500988978,5.29937796452097,4.83806841227311,5.83148722599873,5.8533285559578,4.72667335194051,5.2694722281311,4.95568552883302,5.4434921758221,5.70873172581337
"RFX1",0.945597464737362,1.81904435716139,2.11937364794258,1.38560910860475,2.65515717540407,2.19616060703081,2.15574475659232,2.19906603045687,1.68540200624544,1.70176359038968,1.71307128478798,1.68760518232557,1.79422077006006,2.28891197040048,0.998201008319475,2.26577426632263,2.27964863339731,2.15268933722744,1.82162329975809,2.14741555317279
"RFX5",-0.747430566248531,0.682242450404069,0.96837721672646,0.279939670291618,2.76620807414677,1.27165758712411,1.26894712339037,0.903471610048863,-0.656339645658302,0.220929754894802,1.24182242037196,0.0420564279554003,1.06279468642318,2.7893662153819,-1.37832662250025,1.59416837155827,1.39046216647971,1.21976723574851,1.05549160849134,1.41267126278321
"RFXANK",-0.570453503789218,0.928891867888892,0.927530145617009,0.467072580415054,2.72821473024095,1.42305395096846,1.54109941752744,1.18754842818698,-0.697902518094701,0.195245411734666,1.35473539438514,0.210946305894863,0.92723160164594,2.78977844899301,-1.176714833568,2.15757206708543,1.71051034921984,1.80761524777387,1.30304215863001,1.86704769393316
"RFXAP",-0.189890750013057,1.34552760480351,1.52784398417892,0.807868182959301,3.19768629535595,1.91052059803105,1.90572101847598,1.58756873569491,-0.26241402838829,0.566815501591154,1.71247514901742,0.616151866042993,1.33161130439809,3.35904659681904,-0.709188818253234,2.4018921277457,2.06469452094055,2.43643357532175,1.81373780090492,2.33228557791953
"RORA",-3.06691361269927,-2.51596106595361,-2.05527696660037,-2.76413257112162,-2.92678977373175,-3.10436493241561,-2.80631587827569,-2.6973920395104,-3.81276177372003,-2.89655676288508,-3.12536309292903,-2.23536845336739,-3.40197313124035,-2.58628658276857,-2.71607066491512,-2.38124774434926,-3.35132569631439,-2.44298602183257,-2.93787049728709,-2.63369693521345
"RORC",-2.16715133899745,-1.42177332223737,-1.41334281570902,-1.43725832545597,-0.202806387617469,-1.12344042820551,-1.67454572327598,-1.1623014800924,-1.7998501150071,-1.8860881143502,-1.26257898984009,-1.35404368768269,-1.74025433362025,-1.16059856868301,-1.68454929808023,-1.2133961433506,-2.04137043480508,-2.14554870429055,-1.55141023994835,-1.67725997706054
"RREB1",-0.0301904339980733,-0.514909334621792,-0.327875391681483,0.0498513929600404,-0.364406266892068,-0.32936873884053,0.0829391168803304,-0.244506328636382,-0.0501096871746668,-0.232738139470998,-0.523128499933355,-0.324868262672411,-0.265420561096161,-0.195312549401874,-0.516972267304276,0.0509072142382507,0.134146822127174,-0.214704504615673,0.247003332046216,-0.231585855314569
"RUNX1",-1.16864456300068,-0.253627636899257,-0.740314183569911,-0.471159639442164,1.00246081643368,0.03359485543426,0.608811815564874,0.149072392667463,-1.2476638340769,-0.501584236296289,0.175615714965029,-0.438550612835579,-0.630747409096448,0.0201373664654119,-1.07595785843896,0.47972906867056,0.0700917444153417,-0.282255422303403,-0.49776286959903,-0.208311841780757
"RUNX2",1.50385590055629,-0.28181430983026,0.434218968833313,-1.00660960926027,-0.601306289946211,-0.34038441558846,-0.237377504460312,0.20891735080301,-0.752742717281718,0.0665010347761412,-0.446406581749517,0.650918617512144,0.170989642166275,-1.00267369323377,0.62661994541132,0.160186850698421,0.266686018098913,0.0294845879429474,0.137990416980089,-0.250895075222368
"RUNX3",-1.77860899282611,-0.920723328426759,-0.84259253860985,-1.01999716789758,-0.920194247231384,-1.08122101399088,-0.67354008640001,-0.707571415740084,-1.04159452716774,-0.972429369961628,-0.701704369471844,-1.18799540262664,-1.1604517095083,-0.63178741659936,-1.22773958295243,-0.788509755757702,-0.482217929224589,-1.37053007582642,-1.0934727863943,-0.690872735861066
"RXRA",-4.47122595150951,-4.1201184052127,-2.3493362696459,-3.23061055218739,-2.79907969251695,-3.68650609241955,-3.86136023378548,-3.61852745211977,-4.34880033596806,-3.68864090985147,-4.24271875476,-2.83043582934156,-4.08621631760972,-3.67592581760469,-3.16089327311746,-3.52008999992151,-3.27318147752314,-2.84722743734167,-3.46377475773437,-2.8653122563198
"RXRB",0.233798801483735,0.574805936104825,0.0176896134571696,0.0369454810078212,0.132403753212366,0.406571919924343,0.739812805111434,0.551163699415124,0.443191735152426,0.0338898874131188,0.0973788023574134,0.402934773775378,0.468403485406054,0.342368152580955,0.221596733797111,1.08492021867881,0.773271785968634,0.375476604063334,0.567235948369561,0.7669130969175
"SALL3",-0.333475657025738,-0.715535896809992,-0.277685232919749,-0.263387174339211,-0.946912295171401,-0.113070951599778,-0.680904999270298,-0.373432510903744,0.955179594682181,-0.338459418348742,-0.844599489384106,0.641580559629393,-0.188132854878163,0.00690559232193154,-0.212912170050627,-0.804703992813456,0.466030354624269,0.0670158446154231,0.118508748898403,-0.0107585383475
"SALL4",-0.34301223962035,0.0654870364580241,-0.232628594274935,0.0529673554755216,-0.94040479706446,-0.337470680690736,0.161996579069972,-0.0510330421775016,0.243846223922195,-0.548551377881233,-0.174214271160562,-0.0754853705146058,-0.598572336155667,-0.588080252177757,-0.322277735212769,0.203443654267375,0.235620014678788,0.0860163845007457,-0.363216880127083,-0.47080747150823
"SATB1",0.714081680238736,0.632861839488375,0.817979399711973,0.4715181772034,0.362393790937987,1.03909434650688,0.872749951031065,1.05131531796196,0.95325242528013,0.72710482361704,1.13759781061099,1.01529796488227,0.644212152288475,1.2412018472938,0.883292526420583,1.05348802359699,1.33938211891327,1.07723127543131,1.04746988810473,0.479552010897189
"SATB2",-0.652613910437898,-2.31359848525131,-0.429805668231971,-1.98243069909027,-1.29952391601575,-1.67054653091424,-2.07860709100343,-2.07454120792015,-2.55234844799792,-1.745170234864,-1.880860863967,-1.65022431179212,-1.24834314850539,-2.11326420317873,-1.6559648343073,-1.72631519046488,-1.9723184862588,-1.93032937940202,-2.01591822292681,-1.83181029691723
"SCX",1.97097631445375,1.14980127478436,1.83299859652271,0.126007979639063,0.952658089839709,1.10615667938967,0.947917863918857,1.33270686844204,1.89234191472408,1.18208741739514,1.15926573330099,1.4018901227092,0.728527733856016,0.571868274500922,1.49562353660629,1.17472496388529,1.25989078921594,1.65553400406465,0.596733685390317,1.19854551775266
"SF1",-1.60544594489119,-2.14617144138778,-1.31973241691028,-1.81545107863113,-2.05574629215513,-1.80062198946419,-1.68850834595446,-2.24714630142631,-2.03930836597434,-1.78296644094477,-2.30215137947752,-1.3442453408521,-2.04349166016896,-1.94041683565564,-2.19895782908218,-2.39595166164732,-1.83955699091699,-0.419190139964722,-1.83352393319087,-1.89527471847754
"SFPQ",2.20320270443052,2.08721082952199,2.58194315829219,1.99163497211623,1.55037799078427,1.77345531862019,1.87448663203315,1.65649293857071,2.30521195406165,1.76267633420961,1.79074025076344,1.48578005875602,1.5739437571363,1.61294771074929,2.3246369134434,1.6369031649271,1.61596634870001,1.59004171219455,1.5124192068646,1.36600995293099
"SIM2",-0.602534614468805,-0.712975004006711,-0.607720577557589,-0.214154221952334,-0.308286360877755,-0.640019052794523,-0.420559697194862,-0.404012465907835,-0.0145506515412407,-0.504242676871196,-0.373759600198512,-0.275408738830104,-0.989865801535034,-0.347911278675226,-0.335471950407681,-0.533667830746443,-0.267508764367383,-0.0929351335466788,-0.0360610987783408,-0.427921983961815
"SIN3A",2.29082617696291,1.82156547364818,1.60777282754427,1.07827413588898,0.132081674287539,1.86746368095976,2.40173751471691,1.6093452161347,0.988301064074852,1.96054777711507,1.44759724230503,1.30147290067605,1.83892213348856,1.56499310749432,1.82294694075985,1.90653591281528,1.91482915335707,1.69993342195822,1.48634395137666,1.43837969826652
"SIRT1",-1.06873207059632,-0.458604338970861,-0.400779366889449,-0.921045225166116,-0.259203531237295,-0.847637537316309,-0.44181717443109,-0.689284736791576,-0.374953734205599,-0.622606111146753,-0.868849567726955,-1.11065740374405,-0.522996914306462,-0.753223648585296,-1.17053598145354,-0.581175177831633,-0.758952578067458,-0.463455731778476,-1.08179020763734,-1.34771070378175
"SIX1",-0.489961383486205,-1.49709173248352,-1.77187520072422,-1.66219282139872,-2.18714587205733,-1.60008437087894,-1.19235551685785,-1.29637352462168,-1.59686335859629,-1.67113814389376,-1.87847004247403,-1.39275229468329,-1.60117796841651,-1.69753332202235,-2.12941105695158,-0.87199745748691,-1.96431251824595,-1.40103912939028,-1.63409191261769,-1.64875588521379
"SIX3",1.08606076602691,-0.139503107244113,-0.388444464083641,0.348000758781842,-0.294224166574986,-0.228707818735774,0.808002051414766,0.531815463205794,0.477114314259378,0.729651913534069,-0.273768812800127,-0.658131307323927,-0.0475526330788096,0.125689766654305,-0.232472854166593,-0.189489826513626,0.281736162037655,-0.137510560255304,0.461904661650378,0.387205172748371
"SKIL",0.705328816731436,0.322347071508169,-0.0458968241885084,0.08183858977915,0.647779864202534,-0.237844241509944,0.195910706705392,0.23801466578857,0.512820273510938,-0.0471063901409791,0.120473690135306,-0.381219258995897,-0.0273303365949586,0.0600109894731874,-0.15897466024056,0.651828732575591,0.323720641462245,0.484323272770882,0.0161198492649346,-0.264765361242974
"SMAD1",0.587108600419192,-0.528964895159469,-0.783144698865191,-1.27053158454343,-1.73219623623008,0.480998148712453,-0.244090493885274,-0.139010639306278,-1.64583646736232,-0.176981974665686,-0.848669867189814,0.381186503378736,-0.60276448395112,-0.898520317520669,-0.336284331237783,-0.340031284930792,-0.370165853133768,0.0442959754916631,-0.353844642763169,-0.066308737655303
"SMAD2",1.20205350334716,0.955824600495106,1.05266633205578,-1.18182522924692,-0.675956728973545,0.832910860711452,0.623441936716813,1.17026616093169,-0.32159379882176,1.08050862857388,0.653818211838163,1.02653638709869,0.899899963380749,-0.852717799773253,1.0593690172153,1.41358885426644,0.788491627337563,0.840672330118906,0.143528505843924,0.205854948086602
"SMAD3",2.32075194094056,2.00732227057939,1.9666317288969,-0.663579323716168,-0.278888866794357,1.28979099100995,2.07182009982192,2.25231533444291,-0.216224935184312,1.06414941568461,0.87560880120009,2.52058105314478,1.53464395205518,0.0810287165621648,1.64395051669348,2.41281391705272,1.2759200342377,2.30401497587957,1.66840655155659,1.61355142019804
"SMAD4",0.0854076096626797,-0.898696593972483,-1.07192001495249,-2.33013677774131,-1.3827075286896,-1.20642490146013,-0.902975082758343,-0.518158976518825,-1.84405529416779,-0.489798211508382,-0.991371636451568,-0.319314815494366,-0.351573393343619,-2.00549315416964,-0.55951455940772,-0.0187144008971715,-0.676736292408095,-0.3947016958024,-0.671814667662364,-0.550324201462723
"SMAD5",-0.0541378092167976,-0.725238629739512,-1.20475465986464,-0.558464650471727,-1.17989885582973,-0.000455060857476568,-0.103909232101314,-0.81896165038034,-1.21218812188488,-0.450103819282358,-0.723825615970166,-0.421168528360223,-1.08075906226029,-0.559485734146878,-0.895469344762577,-0.667084888670995,-0.885928243689554,0.123847475409125,-0.732789857936027,-0.129178599093977
"SMAD6",0.53100162178678,-0.191079377479865,-0.261270281798124,0.245173958572944,-0.589019044983552,0.326030342410206,0.448792570192319,0.524846853169013,0.272455699568354,0.415038841105383,0.0995356271870016,0.392580661442902,-0.07516415187637,0.471762684453606,0.411217212386738,-0.172299728861788,0.427043088319119,0.309835528092418,0.0908133728329805,0.180503862801884
"SMAD7",-0.546018737930204,-0.737601427733711,-0.332037142270703,0.593031886045918,0.238466970378574,-0.371936157411562,0.396179916820931,-0.525591768314805,-0.00770991363681601,0.102792208085986,-0.637287953504897,-0.430587224822939,-0.367434996614,-0.270069572569821,-0.737534529184313,0.0425975539571336,-0.375863062206979,-0.284601370272151,0.224771461287929,0.340766816940995
"SMARCA1",1.16811254242169,0.719370181631961,0.679704150498337,0.458877210795885,0.602501513701147,0.513484235074096,0.454779089294672,0.761611340111261,1.25778228141325,0.609177649874952,0.751482018583863,0.86516448888996,0.265110270300369,0.644807110848411,1.06918032464374,0.391325442274339,1.06704041963281,0.768747976102727,0.766750028634693,0.592188605503095
"SMARCA4",-0.0950924363467385,0.562831212051369,0.781236347574703,1.06188493877546,0.388746190921682,0.703960128486984,0.12444337878359,0.331880306078065,1.72407097394641,0.366137972019433,0.684362935955752,0.308786390966877,0.986211944759527,0.812264384230908,1.32768152731858,-0.166041535996898,0.863782246798054,0.575525027368911,0.195310421198867,0.687536187415308
"SMARCA5",0.0664106653366398,0.11050572587838,-0.179420281592415,0.0472857145292314,-0.265784240414988,0.633689578922743,0.54020067298899,0.375716301487979,0.102064373900173,0.328813236552546,0.0287691525079829,0.322235807046845,-0.21690503209478,0.436089511615266,-0.25568286766809,0.820712103355319,0.0961115976759335,0.242943983857377,-0.0484023508120672,0.246511623829264
"SNAI1",1.98334719093056,0.764284173976955,1.54993276714656,0.190445116105369,0.680728027141298,1.04254332277359,1.5077714218682,1.49774029154983,0.431912215568312,1.06346936730209,0.781872905003799,1.4065353129245,1.8470125932596,0.453348189622985,1.10053879494928,1.63057328094877,1.04133494744957,1.39722603326267,1.51809109139673,1.15012197620396
"SNAI2",-0.0525429315782146,-1.51526277436381,-0.549132128952705,-2.48264810992251,-1.58712243020137,-2.78847441613297,-1.65567962626069,-2.45201347590446,-2.7409658261193,-2.33956920903732,-1.951024041321,-2.55510061245649,-1.78413609173942,-1.34798989948097,-1.69027625186281,-1.9740635867031,-1.29391665755644,-2.49793136871892,-2.73353766758732,-2.15798550117704
"SOX10",-1.61083612565264,-1.20255179040851,-0.860550862029495,-2.26007295536606,-1.82483211508814,-1.4863403373024,-1.50876641633645,-1.25821272259241,-1.44069630353728,-2.04877017411453,-1.35938240765285,-1.4391493301655,-1.04828328804574,-2.04799173580128,-1.68202955938472,-1.27289899259921,-1.32713978584691,-1.17627720595872,-1.76459497580271,-1.04909468504147
"SOX11",-0.14049584412664,-0.551873946625179,0.0788380060482039,-0.283651690578105,0.0639943081244394,-0.335498738056867,-0.612593145582084,-0.288573016748868,0.0895152132810699,-0.357917498989514,-0.153541814488735,0.0114913075720981,0.0388212247400467,-0.481902781460793,-0.283907305515576,-0.46828875562515,-0.318250976589391,-0.0558014531387787,0.472167457026679,-0.171646873131321
"SOX17",-3.20578577206785,-3.65895697262351,-2.99990537409757,-3.71316240312997,-2.7950924402875,-3.35670795330923,-3.25453969160599,-3.74021687980912,-3.45099552842384,-3.17505047056263,-3.63141775953398,-3.41874252203445,-3.83240242878552,-3.73430494215188,-3.75428097567911,-3.66053043801039,-3.19361693884236,-3.11238496117322,-3.56375101026771,-3.75869131634049
"SOX2",-2.3347245162294,-2.8032035748864,-2.87931496375277,-1.99914304071645,-2.47503573984676,-2.35983209552449,-1.58449363449378,-1.99144716356184,-1.9756108296554,-1.21343959304088,-2.60919064906728,-2.89943085696121,-2.54384130718648,-2.84770772820308,-2.82966796467028,-1.45734757682359,-3.14490598724694,-2.55660617658472,-2.21487457176677,-2.09773792027226
"SOX4",1.60481398835765,0.961946529957606,0.930674130413957,0.864915132721731,0.0721437887130474,0.785823129229141,1.26812846137846,1.18857801758693,1.07992886727656,0.595322762656647,0.948023692829669,1.17729956143809,0.806777715657992,0.627315577231635,1.00538609177307,1.43815422646786,0.659681975162942,1.05515473548496,0.844345823813484,0.689847178366521
"SOX5",-0.247659168875377,-1.46171621179076,-0.950896814185383,-2.66234107150528,-2.14665269768032,-1.64991473079997,-1.93759696002596,-1.7910622568936,-1.6193017831977,-1.85314252007526,-1.52520846721073,-1.04019044342726,-1.10218344597874,-2.19860807890072,-1.2582936086631,-1.68328319029694,-1.44600155617677,-1.18673251518416,-2.06644573343858,-1.20676856224838
"SOX6",1.18877332896208,1.37935893571258,1.05466978594908,0.570523649983014,0.284841201446214,1.15320566922581,0.746862552478817,0.720422432147068,0.721034084008994,0.978650926870216,1.01328115194654,0.746771264593971,0.780369029486529,0.412571428545536,0.638476463461946,0.445869926939123,0.835725457672528,1.6524927778417,0.166072598612313,0.564833476154705
"SOX9",-1.98489625910575,-2.37472318881972,-3.07633046343278,-2.80123829204622,-3.38809210035066,-2.6019126204009,-2.17019655561504,-2.20914899754901,-2.784412258306,-2.37743020736519,-2.86700840612567,-2.68422399260286,-2.8684980774783,-2.59563849165889,-3.21268473539654,-1.73562344674501,-2.66195874327323,-2.4665855771902,-2.71060509856827,-2.66557273259323
"SP1",2.69006527228667,3.83257430403888,4.4413651761399,1.75597472181383,3.91145478121564,2.80555414185712,3.64365978479732,3.191407857309,1.98146751706741,3.35371274408054,2.49843769518293,4.29668071143503,3.72584939031429,2.18757272055912,3.46184813968262,3.56133457297345,3.9012363432782,4.02903291414909,3.32862003993585,4.48555831901114
"SP2",0.61651295369367,0.435202488363926,1.20635350887795,0.811432444204193,0.956562366238052,0.768714986652286,0.775140124833043,0.367355828518923,0.691155786668266,0.514916219713348,0.684625377804017,0.663756858949493,1.08646460745187,0.716452131394705,1.10614658728117,0.471744036253033,1.29421700595104,0.896627078216399,0.680286582697676,0.744348671750355
"SP3",0.509653758367184,1.06741864625456,1.49065867834075,0.485596555837688,2.06097870326388,1.18416057329978,0.934361005048734,1.40465054745014,0.00614137649509949,1.40135804694937,0.665802421192102,1.77317030771572,1.18515719457379,0.620374096710296,1.46352137685388,1.57324227079044,1.54552320907514,1.96364425919359,1.22770637249725,1.60185682795362
"SP4",1.03476134277865,1.19507444993327,1.19010968452531,1.41059416760269,0.984148074610633,1.11858163455153,1.27321992620995,1.10797470180149,1.29879841575849,1.13741661807282,1.4249358688183,1.4401308486432,1.15727695532437,1.16332773982591,1.69759952274619,1.38271338729419,1.43173078210006,1.36399313987333,1.20739102132624,1.06785972660848
"SP7",0.388791490183701,-1.06860004910667,-1.06393745770086,-1.88094910888377,-1.49914156418221,-0.833613997075262,-0.712850423716523,-0.539604155783366,-2.00116490057462,-1.2583453876634,-1.30978610957556,-0.463126613038821,-0.656295079472539,-1.4891961743215,-0.76867949266087,-0.510947121443315,-1.15335032341389,-0.738283450536867,-0.745072028629857,-0.746771363474667
"SPDEF",-1.77643828536371,1.04282710100726,0.436048545551458,1.36015560974226,0.428668620117053,1.28480679085822,0.725821171083506,-0.323163911017102,0.795182816063809,1.81155270527538,0.87966253779641,0.421225997452666,0.531336046549384,0.489961801771912,-0.0137795913324315,0.697741555458226,-0.0560386060736321,1.11078585548654,0.437723869514479,0.175362139440155
"SPI1",-0.694063057889029,0.564640123375097,0.627897374636623,-0.7212001291706,2.2637971960684,0.976164963716109,1.34536223246209,1.47932386344573,-1.92128992472217,0.0191966408723903,0.984703596111745,0.189583253802877,0.0475538830645721,0.899146825840364,-0.276628217202981,1.07425655358797,1.47122256730893,0.461442022856405,0.068968995393956,0.135994639731801
"SPIB",-0.171652807849333,0.185324250933312,-0.102269655939331,-0.127626700222449,-0.0930837444976212,0.153872986603227,0.475997612987008,0.498212945086071,-0.53584945060651,-0.153305747520328,0.222742853818316,0.224115136147896,0.145593956715105,0.403941846066559,-0.169771231075579,0.255408474188123,0.526929010659158,0.0287158312937543,-0.351481108407434,-0.255440318675342
"SPIC",-1.49648834394128,-1.7653478215547,-0.368689563620126,-1.06426603439061,-0.222238344502846,-0.983101343162209,-1.50111107676281,-1.23534946371831,-1.99425162661572,-1.31076675883499,-1.07498708607684,-0.870226362793019,-0.449001546740578,-1.01759085696827,-1.34566090586044,-1.3978637651894,-0.864435584070964,-1.5767105622746,-0.766730030955385,-0.707439807934496
"SREBF1",0.739304626136156,2.19533033679555,2.65083590894611,2.56593231503402,2.98818804061329,1.38350140503861,1.19028595087996,1.59104359240038,1.3319402095863,2.26976620986112,1.66178078077497,2.13124775522861,0.772019170408563,1.55148326445037,1.98096869984083,1.20926774736652,1.53880349764537,2.85509823544242,1.25766838114817,2.605486451879
"SREBF2",1.78125874225075,2.63526763880023,3.11753664307601,3.52051067568848,3.65243875470341,2.58904567861015,2.19619882335601,2.16630427620324,2.55345654429298,2.26951675436866,2.63868251844797,2.73485942378876,1.49201037551323,2.51827585730754,2.65073848896581,1.63213160905489,2.41314366395085,3.3233430320969,2.26298979914814,3.43332667921094
"SRF",1.00069458614881,3.13508118641987,0.85245719620535,0.247362989692151,0.379859184895446,1.08874022917228,2.72534887453784,2.64720145029866,-0.0447110708426404,1.66680351703809,0.801166884590477,2.3270652893233,1.94594391103408,0.330640965362705,0.80981963600679,3.12411902014255,1.19639839969164,2.49249667379585,1.42283765097843,0.972931257437698
"SRSF2",4.63123898973345,3.96307267675875,4.50611562816466,4.55058795458274,4.03341761272723,4.31471388614278,4.24870974835163,4.43493141476155,4.20537870854669,4.37286870144205,4.02092237644934,4.42174896768839,4.39514442705336,4.92489576909938,4.3566974180897,3.90523073190635,4.32068678304305,4.06764552995088,4.62964212063598,4.68570076732069
"SRY",-2.32248330695958,-1.44130851499608,-2.11756702583885,-2.21563396927089,-1.51984438578127,-2.22200069624917,-2.03414538126282,-1.53068989168487,-1.59930617102556,-1.56863224055994,-1.63028224931174,-1.82733020874425,-2.32096224351489,-2.02464630411868,-2.1509214717726,-1.56734432707507,-1.51551498177655,-1.56142368899289,-1.93892562585037,-1.88780234637298
"SSRP1",-2.18590851223351,-2.61818014451361,-2.31805151469387,-1.91515832509681,-1.77833347811219,-2.1717102026574,-2.04666551085319,-2.302338419243,-2.85472202161348,-1.78984379381155,-1.87434806195185,-1.76284218502946,-1.881302688671,-1.8320706519506,-2.93068813678472,-1.79272318194431,-2.58205965848001,-1.79135773548454,-2.04907687213449,-1.44079577105518
"STAT1",3.58980193069424,4.33904334633204,5.06955709578645,4.33478870694731,5.84576684955588,5.30695082425229,5.14231021181069,5.51638042855506,2.50595891646959,4.05637533777999,4.84528194058005,4.38612799707991,5.85027162224015,5.61074479498172,3.51729818174425,5.30892129035388,6.12480511701633,3.73816654639067,5.27106508665524,4.52167242611819
"STAT2",-0.78636127278495,0.574763771005798,0.552867894691936,-0.280156714036215,0.318107910351789,0.981693281016482,1.22927266997812,0.961617091249359,-0.607722526117709,-0.452835303214965,0.373659996818849,0.00812925005844694,0.541227710286102,0.576486716264907,-0.423840753258729,1.02183269127856,1.18410575981783,-0.149859318862166,-0.191534071160431,0.0222302044996587
"STAT3",1.52770706824129,1.12379368210842,2.44843518933541,0.476169372875222,2.77981512346557,0.600798367139976,1.13385835907241,1.77935032033092,-0.390590207744067,1.07878623024016,1.17496533295953,1.77996606043001,2.4772580979935,1.1304910729839,1.56986957290141,2.11897935851618,2.29229802539436,1.01754846402237,1.631480273057,1.44287128225941
"STAT4",-1.78832590004116,-1.45323872201898,-1.14991259779428,-1.17748659494016,-0.187868301710761,-1.22911607435127,-1.01093758601399,-0.841305026226917,-2.58409629610686,-1.57639812377026,-0.954761628517593,-1.56440071481274,-1.08403264640375,-0.722211903588184,-2.21541678120077,-0.769856986663913,-0.582196372035342,-1.83428310626784,-0.773696662835397,-1.16794314959297
"STAT5A",-0.332122966335685,-0.389552652974852,-0.16306850060514,-0.857849134525794,0.658573668196191,-0.873178124316372,0.0744763826512282,-0.313563260010235,-1.72152536613219,-0.828296518058686,-0.382329023756056,-0.211636189470505,-0.453790164560564,-0.251562721920786,-1.00183922542722,-0.26681354125051,0.560014203489899,-0.458904270287597,-0.343825758499386,-0.120808766837658
"STAT5B",0.403105511676123,1.23803961346893,1.2015360349831,0.190885957384168,0.840115873649614,0.449161781201234,0.702635175908693,0.875091731639143,0.15479281827303,0.300031257488068,0.720682746537794,0.885022276568588,1.24080566272564,0.796694481447638,0.453588781997997,0.708661056406596,1.66423664057917,0.772374231351246,0.616370996596902,1.20454175594058
"STAT6",-0.80224412681481,-0.27508354027992,-1.10068000080532,-0.845963835251288,-0.303344026808424,-0.701413244809793,-0.195797614767045,0.384581037731953,-2.15876053387437,-0.259140741066142,0.268201249164561,-0.111758534000829,-0.403160703614248,-0.848904069647176,-1.30112020616002,-0.287674559137601,-0.525578995776666,-0.46883382357415,-0.286672046649392,-0.220858356524405
"TAF1",3.31100641705262,3.30427624101072,3.15844892611236,3.06882360027471,2.91542233585175,3.23866365347706,3.4924424305186,3.3410752610022,3.13902919383286,3.40926063765258,3.12471358459529,3.29666589743669,2.82720934234348,3.53386836731691,2.94122183484023,3.5508978781062,3.3802338314914,2.97526472085981,2.90484835086002,3.41833130726208
"TAL1",0.467554853745916,0.101772687661278,0.01611504125613,0.0418412279928319,0.0290635191038075,0.458594127314065,0.383334722681637,0.558873517896558,0.0814249057115795,0.293791876862086,0.170659381329815,0.250480747912453,0.232912945126676,0.36946972553499,0.126154278462945,0.390384292946467,0.895879991146633,0.43279097757083,0.685825175569898,0.457459774004644
"TBP",1.193569709657,0.688567807727386,1.83420443581275,0.737027527408953,1.71298334481374,0.590562439306606,0.715936008387919,0.728223244636754,1.48678668770083,1.2227812926599,0.638594907718619,0.996726820447368,0.741481658093318,0.747910876961441,1.34457832189763,1.00986328304631,1.00954420372492,0.62097811844204,0.844225401125093,1.12026964826267
"TBPL1",0.12170222840705,0.057357823018815,0.394859036347947,0.977115123229169,0.478394121777657,0.660817909940157,0.559231672844055,0.219445987956938,0.656067049445257,0.690035355590215,0.23281160165218,0.608026613527686,0.753655125080072,0.502572593625403,0.329430983257765,0.238341648926946,0.00249903196724158,0.422578440422641,0.626767600001469,0.276718524145868
"TBPL2",0.570959945090435,1.09028569429311,0.892297376630749,0.842549888336682,1.11960863252026,0.551939662357156,0.695064736806237,0.900197263298207,0.804096244769299,1.53654532865131,0.984573771224215,0.654737366607413,0.939803617105178,0.741997566358019,0.792003824247854,1.29139448633833,0.989364801754058,1.01295104027448,0.570494418254105,0.953977273717143
"TBX1",-1.13211773821099,-1.95901064001287,-2.13993509056705,-1.55583681423096,-1.85618991620999,-1.76296413610114,-1.91403882200569,-1.18140125469658,-2.21628653926693,-1.92559341724187,-1.69055041975001,-1.13675891260224,-2.08449124751437,-1.95573483608358,-1.81500595213375,-1.29120879219453,-2.10552146693315,-1.37264049681226,-1.61224967407951,-1.71310292991647
"TBX15",0.98759348933833,0.268551732317266,1.74868012940175,1.54535031781805,1.13419161131577,0.899679830331985,0.628448472327487,0.848907058849741,2.07426440924444,1.03272524212502,1.0183598717951,1.24829314456318,1.55686098466619,0.737797790689024,1.12899519612649,0.391307324912582,1.07561197190415,0.990957764495719,1.31898922373969,0.79826269106108
"TBX18",-1.50735925389102,-1.23829004307425,-1.02077433600742,-1.27813344061471,-1.65908690830767,-1.3786874793986,-1.28413809813447,-1.34346938924556,-1.57155695985406,-1.21065099407478,-1.30425471957325,-1.48423249868829,-1.03177716310931,-1.56982867756814,-1.18556716932474,-1.31894323778268,-1.27101303124296,-1.2210582947193,-1.45269722150119,-1.39931395230054
"TBX2",1.00870036165542,0.372444207212097,0.243678158287944,-0.028954169516582,0.491500706486722,0.322435960441816,0.188732207772386,0.319589800302092,0.510714749839264,0.328041255910911,0.185398899963578,0.362412088649042,0.345728620678675,0.492360893669154,0.320783250703651,0.442154405005954,0.641446314423003,0.267305194902292,0.735885241529161,0.631207141783818
"TBX21",-2.3983765803365,-1.65517534823195,-1.3625293430763,-0.697458342873229,0.57862621110587,-1.06493652346388,-1.15910335940282,-1.11818984891182,-1.91952015993364,-1.7363792685618,-0.354893074462496,-1.34898161252776,-1.29085245006083,-0.410831499301823,-2.59891087057954,-1.05242617390684,-0.623755072120717,-1.89848030138026,-0.815032330029307,-1.20110644812996
"TBX3",0.582784745192327,0.350195489181528,0.565275052286077,-0.36852891843068,-0.240909492344295,0.453564941374952,0.806709145179734,0.0687635460023162,0.930841366506306,0.159355561694567,0.40269251723224,-0.126330747505039,0.392952693205075,0.31481905087363,-0.139685765991227,0.579497819876171,0.457615857977454,0.389716463603807,0.602516838580304,-0.0530494404467456
"TBX5",-1.46095316042156,-1.62935827500383,-2.24521167807714,-2.17327971127326,-2.23511798489102,-2.48713328458504,-1.71422914718062,-1.23355581556843,-1.67944098639048,-1.98299586055037,-2.01428427725957,-1.04055970307911,-1.76213584360487,-2.1813478175979,-1.87362909424722,-1.66725346611719,-1.13614065951107,-1.90691760350032,-2.00810768682342,-1.93229208830718
"TBX6",-1.47144893205385,-2.00857663826553,-1.62509709053123,-1.39880900354452,-1.49575228614931,-1.76629783648544,-2.03251492371361,-1.67802851613001,-2.32532174277199,-1.60405146982798,-1.69599424254474,-1.46027992912583,-0.83787241832588,-1.37569228798194,-1.49293774726616,-1.82616177330732,-1.89930629820035,-2.07306383288374,-1.36130821251464,-1.67061984000541
"TBXT",0.0667405141155242,-0.00579922037901374,-0.277429444732566,-0.411967194239382,-0.425718277901469,-0.267894970218543,0.264829563965898,-0.0150133173700225,-0.306380183875687,0.0348543824699201,-0.168566263432907,-0.0994471987469555,-0.328830403666953,-0.868606788143902,-0.521264315945335,0.453281334443541,-0.243905161144031,0.0960186410909954,-0.135026311350021,0.236336608910391
"TCF12",-0.943713476114079,-1.32892972897495,-1.33796452687452,-0.991523302044368,-1.79106821009612,-1.23626211430603,-1.18625702424613,-0.632286134621967,-0.821116084322563,-1.32699586151218,-0.428555291534553,-0.922895486598073,-1.34016879336744,-0.93938635126117,-1.41345427938324,-1.14237616768382,-0.692566720132522,-1.44329308731105,-0.70641732780198,-1.31129415794313
"TCF21",0.166652947247245,1.30587051718774,0.257624122498875,-0.723998868359455,-0.315557210164343,0.575164587008806,1.19325629626217,1.41306287748339,0.485263268262295,0.312476823894481,0.532939539459163,1.05813923395067,0.543451173657737,0.266773218493433,0.925478699707201,1.09512375826927,1.21420569111559,1.4516214565204,0.585559247020153,0.540087187469723
"TCF3",-1.21182108779029,-0.856061596991411,-1.19775844664685,-1.42931452387886,-0.605420292067796,-0.857168931827906,-0.235633190195759,-1.02064983205185,-1.61096963188326,-1.39905023299439,-0.792709415391104,-0.881399805052788,-1.13414623347099,-0.990427839618592,-1.66391191169852,-0.781784449031227,-0.536927171268455,-0.593345520146355,-0.91037102777111,-0.814957561288122
"TCF4",1.18935828088176,0.440260817222065,0.656081134663627,0.349112183771044,1.11843127845853,0.695983175622851,0.407636847884788,0.846838408762539,0.000371996388377215,0.264225598072397,0.449989845528172,0.999972566972693,1.09731462941353,0.59195543125285,1.19308352196115,0.747813564979703,0.631857431808306,0.78829814087605,0.625318373708237,0.927983863498992
"TCF7",1.52007376605234,1.9468194963275,0.193031357660249,1.04882404565733,1.82162264790144,1.27152331510022,0.926265767214256,1.64422535507788,0.515858524735507,1.22186072009878,1.35290147204368,1.03814714109702,1.69750098969461,1.47467092902477,0.556273466262179,1.70441057479692,0.910961242706404,0.750519454843302,1.52859782823222,1.16938701905743
"TCF7L2",1.64029807322083,0.872035475435528,1.27035679485153,1.29169918029434,1.06458532098347,1.09373431081218,1.26010425715908,1.57706587808763,0.451031092923673,1.39338461519669,0.940267281285941,2.02324703007653,1.51368824431999,0.749733004574999,1.31355516854877,1.63208356901409,1.1280939484523,1.19362189584088,0.883034031247332,1.49626505006608
"TEAD1",0.861506403766262,0.443860059713316,1.24312542390663,0.759295497030889,0.733923143344889,0.896450147797515,0.321575807393639,0.907469048061825,0.970267254169243,0.731656465093952,0.654462472077027,0.426639347783712,0.588981763138485,0.241486127385394,0.10500460144081,0.931090335281566,0.971646812378442,0.340228832314356,0.565572113184214,0.790026344532826
"TEAD4",0.363570567577761,0.359196533904173,0.452466573172679,0.0457714320987498,0.371840361653305,0.330222225861366,0.0857997759495595,0.263820379431977,0.355869596183727,0.153958191148054,0.429501380867824,0.454745089369607,0.180867639955637,0.180472880558134,0.0417053371569357,0.584625603486633,0.598906368742478,0.612893401809702,0.158564999814286,0.311414782979159
"TEF",-1.10532944807968,-0.413770979168623,0.0525189999035445,-0.971868127793489,-1.30117948872912,-1.12514967763881,-0.402595483956475,-0.501983926811881,-0.976749688441152,-0.733905673420617,-1.03630935051885,-0.867721259142515,-1.19332580223663,-0.544607368476954,-1.07155577220699,-0.260603251661923,-0.87799379887261,-0.383560973992185,-0.920135506863639,-1.27313763443027
"TET1",0.38419802723571,0.476486550508798,0.557511173415066,0.371981825236026,0.233076215495194,0.459527096546739,0.43282445138013,0.611022085549876,0.476374743438093,0.480321514516049,0.724374749894698,0.589917405801847,0.331656602756752,0.704845160163417,0.409341754234704,0.932233386654817,0.582546763206817,0.461160234645598,0.559966821212806,0.729169272309303
"TFAM",-0.213274831685306,0.11142696893271,0.355458532792636,0.744888025738547,0.436249010299354,0.000217076873106544,0.0450771241350421,0.21702576330057,0.617708886288375,0.193663787059527,0.596674429516756,0.0897653513657537,0.279674980096606,0.360309830063264,0.373612726902481,-0.16183816460107,-0.169061839892295,-0.121951164455221,0.0663861193116108,0.603028557134308
"TFAP2A",1.28010388097125,0.615680294694869,1.57996502052319,0.14591793660211,0.664753801832751,0.726372016772027,1.13925344016516,1.20435619876808,0.407083783358565,1.07615660528203,0.131139431953932,1.40271652633375,2.11620735268184,0.839611516471296,0.995086391933182,1.47982901699935,1.03756104897785,1.37564005546574,1.40150124172501,1.30994253890759
"TFAP2B",-0.133419100486632,0.00895981202865925,1.27811683651426,0.3287111270599,0.317104281957779,0.617523189831846,0.915051338185483,0.483976770202435,-0.368722238845566,-0.214742741647668,0.241869983305572,0.602146170575005,0.125047548388431,0.648867297221358,0.461133372474395,0.126495865336259,0.323679818364679,0.312528461247536,0.466941616532008,0.297699716658955
"TFAP2C",-0.170713343207052,0.13445477993996,-0.00872174355886851,0.112546519954003,-0.66674651691866,0.956205774442193,-0.051990476434775,0.794685273372923,0.0875162802758884,0.00589942791366271,-0.350038369454108,1.08976845332811,0.446655955051393,0.855444837857575,0.505904912921435,0.509802756624949,0.331465478517006,0.978464124915831,0.780956949236733,0.17145279146048
"TFAP4",1.99481754551272,2.29273067834265,1.74747876635157,2.29399552839328,1.92450926632781,1.76217322453988,2.07247740469138,2.37445325635447,2.01432825388047,1.89961953052319,2.42758738351553,2.30597435462046,2.88833099143895,1.94975045313489,3.28174427740242,2.21403823498744,2.44919225340322,1.65490387807411,2.61668485811352,1.96122499384561
"TFCP2",-0.136377360266912,-0.358963033891474,0.300526923650146,-1.20256245222544,0.511183411866704,-0.79088151310002,0.0644545629039883,-0.50344681785111,0.11484806342923,-0.369362785196934,-0.450809088027391,-0.454754901822034,-0.46991859238903,-0.966640957876867,-0.108896970601834,-0.0232092452536427,0.415105509121273,-0.151683778103758,-0.910484549841076,-0.378851112537759
"TFDP1",2.94196051338965,2.73357104147157,2.98188413358814,3.16916426463862,2.73730023821783,2.59229835512666,2.06552351072965,2.7334786781551,2.97150346699245,2.64860004834443,3.11824879042415,2.82534310504481,3.2557297933242,3.28411229198034,3.00882755992725,2.00754509526635,3.11012126269922,2.55896012369594,3.13872299325919,3.23086908324457
"TFE3",1.62288828917484,2.17700285661692,2.26212192257918,1.51341711205129,2.67069451481893,2.06386571398101,1.77525912946115,2.08947368145843,0.882362880266407,1.67609522256377,2.27994442810746,2.29077431532618,1.88055672310871,1.18519919442548,2.0040837460413,1.93186794265295,2.3555115970497,2.07464523519308,1.86990167207246,2.2397028026469
"TGFB1I1",1.79300579673186,1.71997087572592,1.12044809647558,1.39021225210397,0.858881700137651,1.13870320667898,2.36239898003699,1.66575547346354,0.319161973788014,1.82332980091632,1.36488059791697,1.66885119788107,1.71533932858833,1.22632509296743,0.775053259111426,2.02153654099369,1.46577280324045,1.8338673768082,1.36733625998803,2.00205855152691
"TGIF1",1.59365112761451,-0.164543168545924,0.757411120455133,1.31249279492088,1.64592430020138,0.521091769127079,-0.111235994424367,0.285484503590904,1.22056961729661,0.396386445393021,1.01237931084274,0.385974595314628,1.03863790368182,0.924249579150635,0.813834776350543,0.0504281427360457,0.688074591615668,0.0331720391190468,1.09543846947589,0.573549972712133
"THRA",-0.429619649544521,-0.431100794044556,0.298625038301269,-0.798193047263994,-0.564275383599424,-0.40377238673695,-0.492142001508106,-0.271096170342641,-0.872833026256884,-0.561661106683959,-0.776748420626246,-0.321709753247618,-0.44382833222773,-0.680418335501342,-0.84542868348071,-0.261893532059353,-0.431312055471492,-0.103484226800958,-0.571122280261518,0.134832829002735
"THRB",-1.17913782317495,-0.18595631961861,0.233083440048262,-0.59124361155624,0.0399139177114282,-1.14998044500332,-0.701530595700343,-0.577880156630211,-0.776442534672148,-0.210148564397501,-0.838631538772598,-0.63358011093525,-0.751233710585789,-0.735513915732606,-0.670191062166563,-0.782453601941901,-0.289387750120662,-0.253320165312247,-0.310312302929973,-0.159327731071071
"TLX1",-0.0680608614862219,-0.830815472326577,-1.06053217199917,-0.798326526876647,-1.16123372447763,-0.737386036081723,-0.596720988526135,-0.627270582461603,-1.76133576279977,-0.659223138198735,-0.808242163784712,-0.610407439968155,-0.141006662256451,-1.30948273650177,-0.479707951032315,-0.397748227278155,-0.965357257342453,-0.554179878735929,-0.889587451510147,-0.813139124530303
"TP53",4.92368173122235,5.57907074146824,5.43977632446765,5.14738427659314,5.61411430911235,5.37968522960567,5.68284045643381,5.33499861378413,4.9022112386854,5.7441306600322,4.9814353719716,5.42652991118042,6.0893675643514,5.05925311517131,5.64630897626456,6.09782522148262,5.71723356932551,5.61191918974594,5.78970281791461,6.34812704773731
"TP63",3.93995130139065,3.37568960270068,2.49137615053721,4.31392276811772,2.85572920358755,4.53628613369361,4.73025986733208,4.64402201748123,3.39076786815206,4.79532115103292,3.4773262807942,4.72950378530719,5.31100760630096,4.1805807185063,4.15984315518713,5.00411466819403,3.04108353682136,3.97401602218239,4.87962059169422,4.05684292441736
"TP73",1.16511686547253,1.65760493679531,1.56981469570805,2.39675327161993,1.05296059428773,1.96955696359032,2.37682863902035,1.91097592624388,1.5572289187935,2.4231821351857,1.54534962414027,1.89583941639806,2.2605720072678,2.20105269962813,2.18767363618643,2.62831392325055,1.71287336917521,2.23278118899036,2.33289130618022,1.99992623598396
"TRERF1",-0.862301057713811,-0.456192392956828,-0.459484751011675,-0.673095842536579,-1.29376560227565,-0.638036301486999,-0.865800006780347,-0.998608332596473,-0.397270791614547,-0.494947143308416,-0.652609946862249,-0.719736896811554,-0.771956342908256,-1.05374831920567,-0.591360742857437,-0.9721903977285,-0.598373730203171,-0.394300366167918,-1.23837232950997,-0.773833128051624
"TRPS1",-0.698744569650353,-0.501505310706718,-0.979596082427288,-0.428488997964864,-0.230017110994974,-0.128406063150725,-0.283060741346241,-0.413459731074582,-0.636665548063747,-0.359533850628567,-0.366182689631707,-0.34892601423231,-1.11149405454228,-0.21454909187118,-0.85387583234848,-0.205957991293507,-0.98627162059872,-0.466821143577917,-0.211841989990288,-0.749119934498043
"TTF1",-1.20051352179412,-0.99826516666604,-1.53341560477958,-0.909961520633098,-0.990455138442162,-1.31572410575692,-1.31823536816614,-0.738094670127024,-0.95690930633383,-1.03124102691395,-0.760355924541284,-0.82111950067986,-1.01396111720106,-1.0058356298014,-1.23772000547863,-0.569264386930965,-1.01338550496771,-0.956370770020981,-1.09696784239751,-0.848370339359236
"TWIST1",2.80808160891719,2.46282641486615,2.03072120737619,0.564899162950205,1.18522199185068,1.38156707009856,2.0934829388021,2.2048142335354,0.104437965903052,1.09647040133352,1.58191609631832,2.5143771175016,1.16704189605445,1.4987961429737,1.68201451790773,2.47607540563033,1.80734180869865,1.29063135366891,1.84200104206888,1.55903815159454
"TWIST2",0.898116588406869,1.27017123545759,0.968468658744997,-0.291984320019073,0.711190142154126,0.888944839347945,0.809000957675948,0.761502079855038,-0.688582257749307,0.432133262016205,0.754045328403379,0.980610236594207,0.0533032920591108,0.25265983310342,0.306052268304563,1.16233162826233,0.737797482795456,0.926564072519964,1.03198548491949,1.03848515812051
"USF1",0.37002830382529,0.34506190257122,1.54251147003035,-0.0310611129310487,2.13365347111624,0.0266408368001765,0.537625521564311,0.30674597802435,-0.204275957195563,0.411307966781336,0.328481103283627,0.201268103626902,0.0378058748232377,0.258633552633923,0.109254740109909,0.753061844439501,1.08284552541175,0.546326027033988,0.419206268316746,0.067363010965347
"USF2",1.2772529975865,1.91555325126791,1.96966773373102,1.60599601842621,3.22855573172504,0.987083060351754,0.974548752469334,1.44040631776583,0.784408570968067,1.54289203115183,1.62513634580455,1.08053452252923,1.50214003282425,1.77235203239397,1.08960137403814,1.75355673535169,2.05416762760044,1.29119220487261,1.18840518710299,1.14033963532869
"VDR",-0.740579081842913,0.0622424533004629,-0.0810769714572162,-0.191404871241758,0.198910479491101,-0.0493377981803413,-0.203831662089701,0.0897095957015928,-1.33487965513683,0.280002405827224,-0.133123717466317,0.894952039367829,-0.244404275302011,0.1103505298205,-0.134025678601341,0.216837764037752,0.00287343029630752,-0.202593501807683,-0.117024625304924,0.351955380647814
"VHL",1.1575687174429,0.828755942651223,1.04950251221556,0.449314987999132,1.21597328634493,1.37271671626173,0.9984834589897,1.23428304245467,0.81781502706348,1.24372459128524,1.31814290895421,1.21409516949313,0.714047527156558,0.568348172131103,0.885998439135908,0.991492262484574,0.876224877720538,1.32538930499221,1.2796712204927,1.29987195075932
"VSX2",0.0941065749696821,0.016281317847771,0.353518455098774,0.0222284062198749,0.168080007475706,0.106161045266828,0.508002743899048,0.178377677435043,0.20826266118729,0.607193253727779,0.0733279060800877,0.163269152109454,0.0435204464570093,0.352623704880227,-0.442408821244949,0.336385870380432,0.22393782572005,0.313378010715376,0.383040350158121,0.707078951799998
"WT1",0.63102824192143,0.571784043529325,0.350752752812351,-0.460909962062983,0.938617078377948,0.02472240611104,0.14176530151326,0.246971094007474,-0.902643782266679,-0.196059822394468,0.260808103662715,0.478415117806752,0.0166932624891587,-0.619916645056596,-0.0928072944386459,0.659839618370548,0.34840633729266,0.850969002314959,0.352944789552521,0.436456499079798
"XBP1",1.62007193874072,1.27944869632701,1.85095968856314,1.74423916343536,2.27492466927825,1.64570941082774,1.48783581209905,1.49366082753212,1.1201844304431,1.27732340871238,1.83204681461426,1.66623714925373,1.45758136943161,1.72298984387286,1.49902628819366,1.27296751862625,1.87440770363545,1.56017537314208,1.35159154828903,1.81721199551724
"YBX1",0.77275881460806,1.25028805083802,1.38377215100684,1.11364134090198,1.73214721962109,1.77007827519921,1.55603865686798,1.51774274629563,0.630911897704051,1.17426638184706,0.783569265035394,2.06093025918131,1.08056313175743,1.84462685855418,0.974277059090527,1.22590521213856,1.6263781941031,1.64382822048498,1.74908077612688,1.91279463141686
"YBX3",1.42038934310511,2.46192944639821,2.43303888912619,2.34685518606126,2.59379043358095,2.15246709458299,2.03275099196757,2.05981949303395,3.33747241998626,2.55336352470583,2.42822998784286,2.38962289316451,2.2710820832674,2.68320251147037,2.35640417521407,1.65124765558762,2.5241049763361,2.21456381536567,2.5809840815023,1.83240516466831
"YY1",2.23346565816565,1.60671634071109,2.56393858628366,2.22507540095604,3.02520650632561,2.08488955327448,1.39783554770451,1.7892868884803,2.31430046856929,1.76635370523542,2.23242850015509,1.63421676217235,2.04530392513877,1.61231485021717,2.03105352485913,1.31771902286793,2.41302168650368,1.64889657344341,2.07910858967808,2.26306307884112
"ZBED1",1.05045605586671,1.14460350313262,2.0044498084434,1.3210667150032,0.9168855105784,1.29684976728517,1.69724311114922,1.27028634352994,1.25218310277795,1.54972175079486,1.62037920926532,0.921440515660003,0.853490003591457,0.854845382232906,1.6073525770848,1.08971751628001,1.1381957303944,1.08980037218227,1.23057137856919,1.38275002455403
"ZBTB16",1.23524251032562,0.83138322878591,0.0311955702110077,0.374861191104827,0.572683311813441,1.12916219025743,0.753099430927527,0.980947925330093,0.44046378114563,0.803137650956885,0.923421173085013,0.842502798243494,0.792834275418055,0.660160512598436,0.45821339944195,1.28947914325686,0.75425804013181,1.38778645536045,0.0426747880034814,0.114518384035553
"ZBTB17",0.43911358277962,0.240312713843805,1.03079707582567,0.274717598369311,0.448602368098466,0.0955324273650135,0.380163038009455,0.123244091007144,0.00261627351923021,0.116875197684262,0.279769509162759,-0.0687136497961271,0.190124020651297,0.39896637126078,0.0612081692698438,0.0537343089621349,-0.114727507195854,0.105803775613292,0.453648068612074,0.123630451214702
"ZBTB33",0.406609674482729,1.71611712193907,1.22023496294902,1.1348750390307,1.06905944948808,0.538463549884203,0.423356269153576,0.677181527396596,1.86320775990316,0.91804144423682,1.30665673404215,1.28599926201783,1.25283437641565,0.995453528906662,1.73217001545558,0.587712292906081,2.05449099731498,0.163175329723489,0.766611048118034,0.775923171890382
"ZBTB4",2.37757030362635,2.67891109549039,2.52085728012764,2.57187472254094,2.34133918544293,2.2989078699193,2.72669494000451,2.5225520871012,2.91938207877941,2.8969290073166,2.54337184748729,2.33782899868517,2.28966254317555,2.24025521713116,2.2566287550525,2.52739647670978,2.19701857206837,2.29399132131494,2.62676722936137,2.60055235415499
"ZBTB7A",-0.420168328731174,-0.583932847012407,-0.634577035168105,-0.30773118256156,-0.234744979980841,-0.345243785984341,-0.487499990212877,-0.293137597568976,-0.503066035010354,-0.878468333884811,-0.275199598337717,-0.0476245645024654,-1.26676397237101,0.140750856280226,-0.75929201665312,-0.435880923482692,-0.849200360952593,-0.120141462063387,-0.390755760017574,-0.380225059072507
"ZBTB7B",1.19678519928226,1.29426866338553,1.40067574088795,0.596815914984076,1.23447343159027,1.2245273314569,1.75916605955932,1.611178527221,1.63384835149042,0.960732239170363,1.07568297611056,1.1323037361733,1.51689249049893,1.18769433115387,0.672028912953255,1.84171856854262,1.06513066739198,1.85929040727162,1.03098530598721,1.2769887189484
"ZEB1",1.72384591841701,-0.773875293791436,0.139328499801983,-1.52767533304171,-0.310181700504854,-1.19450324638393,-0.458790142816516,-0.337410198147759,-0.532643396757444,-0.770720205627901,-1.44696534880156,-0.117612268970361,0.0830415959545061,-0.63430443870971,-0.676390853617568,-0.11065944492296,-1.07071704263281,-0.956694731103653,-0.331539456076898,-0.373930864748108
"ZEB2",1.11346230860616,0.242776077325533,-0.0878132767904403,-1.05489348772824,0.315217090955755,-0.221716528496111,0.0323455210750466,0.0487745051777973,-0.462386792611123,-0.0958477414991668,-0.217231772528012,0.599508613834638,0.516172836252567,-0.536385494515868,0.433337519425852,0.536077974803698,0.303859818392826,0.14675128815403,-0.141331457282629,0.239266273823769
"ZFHX3",-0.978909961750131,-0.230151380292813,-0.569106249921901,-0.575196337908988,-1.079179596843,-0.413407035214796,-0.624829061500185,-0.901947346079705,-0.742026354649186,-1.36158585192566,-0.526989176516236,-0.575946711583861,-0.63339132651106,-0.140924638871446,-0.373629688846712,-0.49886598021179,-0.0420192579839929,-0.0232181740377715,-0.813125925039337,-0.336754075912523
"ZFP42",-1.46138300373694,-1.2684311045365,-1.41156995134899,-1.87180161626008,-2.08930938548778,-1.86815950754069,-1.58912634524833,-1.44032858920355,-1.36382172853672,-1.57434947168187,-1.51457634957199,-1.68363487695526,-1.54579232982474,-1.85570232431422,-1.63750105649842,-1.1087192163378,-1.18658751100825,-1.56095973493882,-1.48048447009378,-1.10519378769867
"ZFPM1",2.26707671082222,0.791846094698676,1.35158756884653,1.49711912456222,2.0649949434192,1.01791835860543,1.63520541554371,1.05498764382608,1.77728023801437,0.982498910206355,1.17199034901617,1.2162061180874,1.7616004567597,1.60680194758065,1.46896895394275,1.47833471255246,2.02925259221995,0.670577673020903,1.41775833740322,1.11766596597566
"ZFPM2",-0.795776078063623,-1.03689948007908,-1.22270368574477,-1.24805344522051,-1.6801470913259,-1.78560127449775,-1.84626295751912,-1.73031797560568,-1.6045565717701,-2.00255686246257,-1.26235720134857,-1.24930420776066,-1.24298423413814,-1.3583975679854,-1.57697960202691,-1.03420151525398,-0.811283373738068,-1.13809845838764,-1.40974947916065,-1.6181303067284
"ZGLP1",-2.59827343943907,-3.21835047643172,-2.37818196862044,-2.42946392055811,-2.99964769681425,-3.05918376760774,-2.96334491757057,-2.60600485670923,-2.50895993036086,-2.97907545297354,-2.36801078350665,-2.71655669016779,-2.3405769064129,-2.46890561809346,-2.29327233561685,-3.15819542305471,-2.48812630497299,-3.2276204642013,-2.47215223698916,-2.57442887613827
"ZGPAT",-2.54031630942803,-2.53500379913303,-2.17730939645468,-2.00256397077153,-2.25587267561027,-2.00814093393905,-2.36145744814481,-2.26796921780517,-2.44055873246736,-2.32648404093729,-2.20621003771349,-1.88234456383564,-2.31191287405556,-2.24625143355392,-2.40341444142659,-2.20976919545937,-1.7284470557623,-2.4274996322019,-2.31769220671807,-2.11529781250823
"ZHX2",0.376201497508548,0.642811013609552,0.518287618711514,0.681245936799307,-0.511669558759462,0.888246160900259,0.92662659425406,0.765686967757999,-0.0456464494189947,0.625588729624,0.5943820561754,0.699936534622475,0.376966731714625,0.936103432979244,0.500226987024405,1.42390697855684,0.624200158401121,0.813370142132321,0.737778738937095,-0.0163432477693907
"ZIC1",0.395362771472886,0.535520478789139,0.764897199588758,1.14997658187885,0.44278609126897,1.17051962982187,0.771678599270262,0.464709181863524,0.491896364610401,0.73681378890373,0.410829586055925,0.779703658184347,0.82019038370666,0.70260668168305,0.331614575937318,0.750471543968037,0.57310766679934,0.783518726818168,0.661385082852749,1.04755205467421
"ZKSCAN7",0.520633315894781,0.14598707240585,0.836174531619403,0.259860460885552,-0.196796227055899,0.396199158784442,-0.0276561438294764,0.262711448859946,1.19034214462225,0.417837852881092,0.454318506966287,0.697478718437388,0.0042981827352956,0.259257059113296,0.666252300508967,0.0678877115540752,0.183625809741148,0.533326866533235,-0.0294360248389725,0.143175933118969
"ZNF143",1.82191772643089,2.12215045148611,2.35475787624242,2.27055814902969,2.43333597017127,1.73233860942003,1.14973137854855,1.99234723516941,2.59797906314372,2.15994592389365,2.42901503346309,2.31998288655313,1.90603692520503,2.0873647168305,2.25306646731755,1.23721562095416,2.05224167407211,1.87294681285735,2.27259693134722,2.52721264772888
"ZNF148",0.494715826275043,0.118607837577094,0.489886888579373,0.134134058273561,0.351888789142606,0.277202318467487,0.645960596887071,0.552043804090602,0.200118983987424,0.474124771552777,0.249489905233607,0.481285589535623,0.456480058605694,0.711498288777377,-0.0180621103838314,0.70340761866829,-0.00368186272554466,-0.0763249733470391,0.611052789108591,0.605356545077528
"ZNF236",-2.13307624592657,-1.62096955321139,-1.2330517422172,-1.73463220364464,-1.3102850586918,-1.54769182705566,-1.41427410802482,-1.54649121363989,-1.64810552235304,-1.80830509506693,-1.25588019374529,-1.74785188737134,-1.71042408318957,-1.71953685182437,-1.89444300637579,-1.59812210019667,-1.35728817996612,-1.46498571903706,-1.65261624295608,-1.64290342008864
"ZNF263",1.30485060829513,0.460598435309478,0.367555646395656,-0.343299813571604,0.633995744309357,-0.126083320520727,0.378701976636376,0.337734817768456,0.00043742768934104,0.138854449193375,0.144443526569149,0.0567294493500486,1.17550637236334,0.229561885300995,-0.0207212926616518,0.451296342851536,0.892557042683925,-0.0771512928263144,0.115997003922355,0.347279052755441
"ZNF331",-2.74369614566052,-2.88141352832418,-3.05079156752875,-3.00479086756319,-2.70714215712183,-2.62477089848002,-2.84272487072434,-3.02924658759949,-3.15629792999571,-3.02719913654551,-3.27706861690644,-2.9749593505609,-2.93834236390585,-3.03178154728953,-2.72816093221158,-2.61198937130033,-2.8042226692431,-2.6580637569355,-3.13166525827567,-2.65769697754451
"ZNF350",2.02113874589273,1.71569951113639,1.72163916607168,2.47088135299854,1.80331206123728,2.13110633807008,2.11302599041253,1.61664751677092,1.86384682921658,1.79064610596411,2.09034098344733,2.17419812210314,1.71863419561776,1.95677049209512,1.7798119142081,1.52631780013077,1.50520687801997,1.72519787328418,1.10964554540163,1.65477767180865
"ZNF354C",0.7036721423972,0.732025303528602,0.779941835466011,0.111634059699795,0.585298066210511,0.244883611867371,1.04427760857952,0.689787840069375,-0.0660071415202616,0.0996698946432011,0.790009663595249,0.458227028358052,0.0904759712663708,0.202743295727446,0.528926291963878,1.33121035307606,0.855290750889214,0.701218835510874,0.0028956192800731,0.0959087516120673
"ZNF362",-0.108664690956335,-0.594948805922732,-0.0107636271140513,-0.0759379915491167,-0.215286011563472,-0.35756810361245,0.147902455639073,-0.0364016533637911,-0.384049138852664,-0.541030640274244,-1.06560178734933,-0.250693055793196,-0.381883127571614,-0.168744636646535,-0.591410111445649,0.0199593437885446,-0.431450228405363,-0.118334571997524,0.167874864849474,-0.1154190475336
"ZNF382",-1.57925693989627,-0.770737352743391,-0.693784804212274,-1.25586942843569,-1.21031976949559,-0.73028903276771,-1.21167189843736,-1.09597752037312,-0.603702940364013,-1.07868817615382,-0.550304862310279,-1.02135711677646,-1.69660449824311,-0.871319656205468,-0.886334550082318,-1.51512416227724,-0.780744542758348,-1.13861165529943,-1.64631085887956,-1.15236160442231
"ZNF384",-1.64284462660057,-1.58435529138905,-0.776711517520507,-1.40314224391714,-1.60469906326394,-1.99294063530444,-1.55590758828996,-1.23460602146965,-1.71362551107027,-1.12537437122629,-1.70402864785889,-1.14022502142595,-1.38388986823486,-2.02939949970903,-0.886984233933183,-1.05629239221004,-0.887269951507875,-1.54340985719264,-1.23133550937298,-1.55727953390151
"ZNF699",1.04961077508266,0.105756248597977,0.747196942321784,1.29634383937652,0.246211206023259,0.973475137942911,1.01021607922305,1.23882395048345,0.724555449586236,0.645424083784386,0.374452312379057,0.650635964769066,1.82883920160732,1.12326812035284,0.844617371831625,0.774869440360698,1.22236175524239,0.378555041046733,1.18037201182793,0.057110258357989
"ZNF804A",-0.446672346467499,-1.59620864213444,-1.04425200341081,-0.723361262159339,-1.14660455517688,-1.31350471908038,-1.74632904148,-1.19074852820318,-1.24670564344194,-1.32116989940083,-1.53009573991989,-1.1206028407424,-1.71044155913378,-1.52142097495,-1.363498801533,-1.42885907926924,-1.46096398497722,-1.47473408451313,-1.13187260122437,-0.81981351269674
"ZNF91",-1.93603533785291,-1.77510854073012,-1.23359329414703,-1.79012397048319,-1.96139100992151,-1.53770296062413,-1.58432162973418,-1.54836059907814,-1.90708964623335,-1.87982989043842,-1.55134955638943,-1.42264613484537,-1.81652549840952,-1.43483820319764,-1.61080331917694,-1.28217009658558,-1.27470404583031,-1.51579776387605,-1.85241861752135,-1.46810537873911
