[2026-04-19 13:29:58] [TRACE]   [OmnipathR] Reading JSON from `/home/runner/.cache/OmnipathR/cache.json` (encoding: UTF-8).
[2026-04-19 13:29:58] [TRACE]   [OmnipathR] JSON validation successful: TRUE
[2026-04-19 13:29:58] [INFO]    [OmnipathR] Initialized cache: `/home/runner/.cache/OmnipathR`.
[2026-04-19 13:29:58] [INFO]    [OmnipathR] Package `OmnipathR` packaged: 2026-04-19 13:20:07 UTC; runner
[2026-04-19 13:29:58] [INFO]    [OmnipathR] Package `OmnipathR` date/publication: NA
[2026-04-19 13:29:58] [INFO]    [OmnipathR] Package `OmnipathR` built: R 4.5.3; ; 2026-04-19 13:20:09 UTC; unix
[2026-04-19 13:29:58] [INFO]    [OmnipathR] Package `OmnipathR` version: 3.19.11
[2026-04-19 13:29:58] [INFO]    [OmnipathR] Package `OmnipathR` repository: NA
[2026-04-19 13:29:58] [INFO]    [OmnipathR] Session info: [version=R version 4.5.3 (2026-03-11); os=Ubuntu 24.04.4 LTS; system=x86_64, linux-gnu; ui=X11; language=en; collate=C; ctype=C.UTF-8; tz=UTC; date=2026-04-19; pandoc=3.1.11 @ /opt/hostedtoolcache/pandoc/3.1.11/x64/ (via rmarkdown); quarto=NA]
[2026-04-19 13:29:58] [INFO]    [OmnipathR] External libraries: [cairo=1.18.0; cairoFT=; pango=1.52.1; png=1.6.43; jpeg=8.0; tiff=LIBTIFF, Version 4.5.1; tcl=8.6.14; curl=8.5.0; zlib=1.3; bzlib=1.0.8, 13-Jul-2019; xz=5.4.5; deflate=1.19; PCRE=10.42 2022-12-11; ICU=74.2; TRE=TRE 0.8.0 R_fixes (BSD); iconv=glibc 2.39; readline=8.2; BLAS=/usr/lib/x86_64-linux-gnu/openblas-pthread/libblas.so.3; lapack=/usr/lib/x86_64-linux-gnu/openblas-pthread/libopenblasp-r0.3.26.so; lapack_version=3.12.0]
[2026-04-19 13:29:59] [INFO]    [OmnipathR] Loaded packages: abind 1.4-8(2024-09-12); ADImpute 1.20.0(2025-10-29); annotate 1.88.0(2025-10-29); AnnotationDbi 1.72.0(2025-10-29); ape 5.8-1(2024-12-16); aplot 0.2.9(2025-09-12); askpass 1.2.1(2024-10-04); assertthat 0.2.1(2019-03-21); babelgene 22.9(2022-09-29); backports 1.5.1(2026-04-03); base64enc 0.1-6(2026-02-02); beachmat 2.26.0(2025-10-29); Biobase 2.70.0(2025-10-29); BiocGenerics 0.56.0(2025-10-29); BiocParallel 1.44.0(2025-10-29); BiocSingular 1.26.1(2025-11-17); Biostrings 2.78.0(2025-10-29); bit 4.6.0(2025-03-06); bit64 4.6.0-1(2025-01-16); bitops 1.0-9(2024-10-03); blob 1.3.0(2026-01-14); brio 1.1.5(2024-04-24); broom 1.0.12(2026-01-27); bslib 0.10.0(2026-01-26); cachem 1.1.0(2024-05-16); car 3.1-5(2026-02-03); carData 3.0-6(2026-01-30); caTools 1.18.3(2024-09-04); cellranger 1.1.0(2016-07-27); CellTFusion 0.0.0.9000(2026-04-19); checkmate 2.3.4(2026-02-03); cli 3.6.6(2026-04-09); cluster 2.1.8.2(2026-02-05); clusterProfiler 4.18.4(2025-12-15); codetools 0.2-20(2024-03-31); colorspace 2.1-2(2025-09-22); cowplot 1.2.0(2025-07-07); crayon 1.5.3(2024-06-20); curl 7.0.0(2025-08-19); data.table 1.18.2.1(2026-01-27); DBI 1.3.0(2026-02-25); decoupleR 2.16.0(2025-10-29); DelayedArray 0.36.1(2026-03-31); dendextend 1.19.1(2025-07-15); desc 1.4.3(2023-12-10); devtools 2.5.1(2026-04-16); digest 0.6.39(2025-11-19); doParallel 1.0.17(2022-02-07); DOSE 4.4.0(2025-10-29); downlit 0.4.5(2025-11-14); dplyr 1.2.1(2026-04-03); ellipsis 0.3.3(2026-04-04); enrichplot 1.30.5(2026-03-02); evaluate 1.0.5(2025-08-27); factoextra 2.0.0(2026-03-03); fansi 1.0.7(2025-11-19); farver 2.1.2(2024-05-13); fastmap 1.2.0(2024-05-15); fastmatch 1.1-8(2026-01-17); fgsea 1.36.2(2026-01-05); fontawesome 0.5.3(2024-11-16); fontBitstreamVera 0.1.1(2017-02-01); fontLiberation 0.1.0(2016-10-15); fontquiver 0.2.1(2017-02-01); foreach 1.5.2(2022-02-02); foreign 0.8-91(2026-01-29); Formula 1.2-5(2023-02-24); fs 2.1.0(2026-04-18); gdtools 0.5.0(2026-02-09); generics 0.1.4(2025-05-09); GenomicRanges 1.62.1(2025-12-08); ggforce 0.5.0(2025-06-18); ggfun 0.2.0(2025-07-15); ggiraph 0.9.6(2026-02-21); ggnewscale 0.5.2(2025-06-20); ggplot2 4.0.2(2026-02-03); ggplotify 0.1.3(2025-09-20); ggrepel 0.9.8(2026-03-17); ggtangle 0.1.1(2026-01-16); ggtree 4.1.2(2026-04-19); gitcreds 0.1.2(2022-09-08); glue 1.8.1(2026-04-17); GO.db 3.22.0(2026-04-19); GOSemSim 2.36.0(2025-10-29); gplots 3.3.0(2025-11-30); graph 1.88.1(2025-12-08); gridExtra 2.3(2017-09-09); gridGraphics 0.5-1(2020-12-13); GSEABase 1.72.0(2025-10-29); gson 0.1.0(2023-03-07); GSVA 2.4.9(2026-04-07); gtable 0.3.6(2024-10-25); gtools 3.9.5(2023-11-20); h5mread 1.2.1(2025-11-25); HDF5Array 1.38.0(2025-10-29); Hmisc 5.2-5(2026-01-09); hms 1.1.4(2025-10-17); htmlTable 2.4.3(2024-07-21); htmltools 0.5.9(2025-12-04); htmlwidgets 1.6.4(2023-12-06); httpuv 1.6.17(2026-03-18); httr 1.4.8(2026-02-13); httr2 1.2.2(2025-12-08); igraph 2.2.3(2026-04-07); IRanges 2.44.0(2025-10-29); irlba 2.3.7(2026-01-30); iterators 1.0.14(2022-02-05); jquerylib 0.1.4(2021-04-26); jsonlite 2.0.0(2025-03-27); KEGGREST 1.50.0(2025-10-29); KernSmooth 2.23-26(2025-01-01); knitr 1.51(2025-12-20); later 1.4.8(2026-03-05); lattice 0.22-9(2026-02-09); lazyeval 0.2.3(2026-04-04); lifecycle 1.0.5(2026-01-08); limma 3.66.0(2025-10-29); logger 0.4.1(2025-09-11); lubridate 1.9.5(2026-02-04); magick 2.9.1(2026-02-28); magrittr 2.0.5(2026-04-04); MASS 7.3-65(2025-02-28); Matrix 1.7-4(2025-08-28); MatrixGenerics 1.22.0(2025-10-29); matrixStats 1.5.0(2025-01-07); memoise 2.0.1(2021-11-26); memuse 4.2-3(2023-01-24); mime 0.13(2025-03-17); msigdbr 26.1.0(2026-03-12); multideconv 0.0.1(2026-04-19); nlme 3.1-168(2025-03-31); nnet 7.3-20(2025-01-01); nnls 1.6(2024-10-23); OmnipathR 3.19.11(2026-04-19); openssl 2.4.0(2026-04-15); org.Hs.eg.db 3.22.0(2026-04-19); otel 0.2.0(2025-08-29); pak 0.9.4(2026-04-17); parallelly 1.47.0(2026-04-17); patchwork 1.3.2(2025-08-25); pcaMethods 2.2.0(2025-10-29); pheatmap 1.0.13(2025-06-05); pillar 1.11.1(2025-09-17); pkgbuild 1.4.8(2025-05-26); pkgconfig 2.0.3(2019-09-22); pkgdown 2.2.0(2025-11-06); pkgload 1.5.1(2026-04-01); plyr 1.8.9(2023-10-02); png 0.1-9(2026-03-15); polyclip 1.10-7(2024-07-23); prettyunits 1.2.0(2023-09-24); progress 1.2.3(2023-12-06); promises 1.5.0(2025-11-01); purrr 1.2.2(2026-04-10); qvalue 2.42.0(2025-10-29); R.methodsS3 1.8.2(2022-06-13); R.oo 1.27.1(2025-05-02); R.utils 2.13.0(2025-02-24); R6 2.6.1(2025-02-15); ragg 1.5.2(2026-03-23); rappdirs 0.3.4(2026-01-17); RColorBrewer 1.1-3(2022-04-03); Rcpp 1.1.1-1(2026-04-16); readr 2.2.0(2026-02-19); readxl 1.4.5(2025-03-07); reshape2 1.4.5(2025-11-12); rhdf5 2.54.1(2025-12-04); rhdf5filters 1.22.0(2025-10-29); Rhdf5lib 1.32.0(2025-10-29); rjson 0.2.23(2024-09-16); rlang 1.2.0(2026-04-06); rmarkdown 2.31(2026-03-26); rpart 4.1.24(2025-01-07); RSQLite 2.4.6(2026-02-06); rstatix 0.7.3(2025-10-18); rstudioapi 0.18.0(2026-01-16); rsvd 1.0.5(2021-04-16); rvest 1.0.5(2025-08-29); S4Arrays 1.10.1(2025-12-01); S4Vectors 0.48.1(2026-04-05); S7 0.2.1-1(2025-11-14); sass 0.4.10(2025-04-11); ScaledMatrix 1.18.0(2025-10-29); scales 1.4.0(2025-04-24); scatterpie 0.2.6(2025-09-12); Seqinfo 1.0.0(2025-10-29); sessioninfo 1.2.3(2025-02-05); shiny 1.13.0(2026-02-20); SingleCellExperiment 1.32.0(2025-10-29); SparseArray 1.10.10(2026-03-30); sparseMatrixStats 1.22.0(2025-10-29); SpatialExperiment 1.20.0(2025-10-29); statmod 1.5.1(2025-10-09); stringi 1.8.7(2025-03-27); stringr 1.6.0(2025-11-04); SummarizedExperiment 1.40.0(2025-10-29); systemfonts 1.3.2(2026-03-05); testthat 3.3.2(2026-01-11); textshaping 1.0.5(2026-03-06); tibble 3.3.1(2026-01-11); tidydr 0.0.6(2025-07-25); tidyr 1.3.2(2025-12-19); tidyselect 1.2.1(2024-03-11); tidytree 0.4.7(2026-01-08); timechange 0.4.0(2026-01-29); treeio 1.34.0(2025-10-30); tweenr 2.0.3(2024-02-26); tzdb 0.5.0(2025-03-15); usethis 3.2.1(2025-09-06); vctrs 0.7.3(2026-04-11); viridis 0.6.5(2024-01-29); viridisLite 0.4.3(2026-02-04); whisker 0.4.1(2022-12-05); withr 3.0.2(2024-10-28); xfun 0.57(2026-03-20); XML 3.99-0.23(2026-03-20); xml2 1.5.2(2026-01-17); xtable 1.8-8(2026-02-22); XVector 0.50.0(2025-10-29); yaml 2.3.12(2025-12-10); yulab.utils 0.2.4(2026-02-02); zip 2.3.3(2025-05-13)
[2026-04-19 13:29:59] [INFO]    [OmnipathR] CURL: version: 8.5.0; headers: 8.5.0; ssl_version: OpenSSL/3.0.13; libz_version: 1.3; libssh_version: libssh/0.10.6/openssl/zlib; libidn_version: 2.3.7; host: x86_64-pc-linux-gnu; protocols: dict, file, ftp, ftps, gopher, gophers, http, https, imap, imaps, ldap, ldaps, mqtt, pop3, pop3s, rtmp, rtmpe, rtmps, rtmpt, rtmpte, rtmpts, rtsp, scp, sftp, smb, smbs, smtp, smtps, telnet, tftp; ipv6: TRUE; http2: TRUE; idn: TRUE; url_parser: TRUE
[2026-04-19 13:29:59] [TRACE]   [OmnipathR] Reading JSON from `/home/runner/work/_temp/Library/OmnipathR/db/db_def.json` (encoding: UTF-8).
[2026-04-19 13:29:59] [TRACE]   [OmnipathR] JSON validation successful: TRUE
[2026-04-19 13:29:59] [TRACE]   [OmnipathR] Reading JSON from `/home/runner/work/_temp/Library/OmnipathR/internal/magic_bytes.json` (encoding: UTF-8).
[2026-04-19 13:29:59] [TRACE]   [OmnipathR] JSON validation successful: TRUE
[2026-04-19 13:29:59] [TRACE]   [OmnipathR] Reading JSON from `/home/runner/work/_temp/Library/OmnipathR/internal/urls.json` (encoding: UTF-8).
[2026-04-19 13:29:59] [TRACE]   [OmnipathR] JSON validation successful: TRUE
[2026-04-19 13:29:59] [TRACE]   [OmnipathR] Reading JSON from `/home/runner/work/_temp/Library/OmnipathR/internal/id_types.json` (encoding: UTF-8).
[2026-04-19 13:29:59] [TRACE]   [OmnipathR] JSON validation successful: TRUE
[2026-04-19 13:29:59] [TRACE]   [OmnipathR] Reading JSON from `https://omnipathdb.org/resources` (encoding: UTF-8).
[2026-04-19 13:30:00] [TRACE]   [OmnipathR] JSON validation successful: TRUE
[2026-04-19 13:30:00] [INFO]    [OmnipathR] Loading database `Ensembl and OMA organism names`.
[2026-04-19 13:30:00] [TRACE]   [OmnipathR] Checking on-disk cache for database `organisms`.
[2026-04-19 13:30:00] [INFO]    [OmnipathR] Cache record does not exist: `db://organisms`
[2026-04-19 13:30:00] [TRACE]   [OmnipathR] Loading database `organisms` from source.
[2026-04-19 13:30:00] [TRACE]   [OmnipathR] Reading JSON from `/home/runner/.cache/OmnipathR/cache.json` (encoding: UTF-8).
[2026-04-19 13:30:00] [TRACE]   [OmnipathR] JSON validation successful: TRUE
[2026-04-19 13:30:00] [INFO]    [OmnipathR] Looking up in cache `https://www.ensembl.org/info/about/species.html`: key=7332486db7400730697234bad76ca0c8e4d00799, no version available.
[2026-04-19 13:30:00] [TRACE]   [OmnipathR] Reading JSON from `/home/runner/.cache/OmnipathR/cache.json` (encoding: UTF-8).
[2026-04-19 13:30:00] [TRACE]   [OmnipathR] JSON validation successful: TRUE
[2026-04-19 13:30:00] [INFO]    [OmnipathR] Created new version for cache record 7332486db7400730697234bad76ca0c8e4d00799: version 1.
[2026-04-19 13:30:00] [TRACE]   [OmnipathR] Cache file path: /home/runner/.cache/OmnipathR/7332486db7400730697234bad76ca0c8e4d00799-1.html
[2026-04-19 13:30:00] [INFO]    [OmnipathR] Retrieving URL: `https://www.ensembl.org/info/about/species.html`
[2026-04-19 13:30:00] [TRACE]   [OmnipathR] Downloading by `httr2` in `download_base`.
[2026-04-19 13:30:00] [TRACE]   [OmnipathR] Attempt 1/3: `https://www.ensembl.org/info/about/species.html`
[2026-04-19 13:30:00] [TRACE]   [OmnipathR] Preparing httr2 request to URL `https://www.ensembl.org/info/about/species.html`.
[2026-04-19 13:30:00] [TRACE]   [OmnipathR] HTTP headers: [User-Agent=Mozilla/5.0 (X11; Linux x86_64; rv:134.0) Gecko/20100101 Firefox/134.0]
[2026-04-19 13:30:00] [TRACE]   [OmnipathR] The following curl options are not available: tcp_keepcnt
[2026-04-19 13:30:00] [TRACE]   [OmnipathR] Curl options: [connecttimeout=10,timeout=300,debugfunction=<function>,verbose=FALSE,tcp_keepalive=TRUE,tcp_keepintvl=10,tcp_keepidle=10,upkeep_interval_ms=30000,ssl_verifypeer=1,ssl_verifyhost=2]
[2026-04-19 13:30:00] [TRACE]   [OmnipathR] HTTP headers: [User-Agent=Mozilla/5.0 (X11; Linux x86_64; rv:134.0) Gecko/20100101 Firefox/134.0]
[2026-04-19 13:30:00] [TRACE]   [OmnipathR] Sending HTTP request.
[2026-04-19 13:30:01] [TRACE]   [OmnipathR] HTTP 200 (OK)
[2026-04-19 13:30:01] [TRACE]   [OmnipathR] HTTP v2 GET: status 200.
[2026-04-19 13:30:01] [TRACE]   [OmnipathR] Downloaded 31.3 Kb in 0.981877s from www.ensembl.org (31.9 Kb/s); Redirect: 0s, DNS look up: 0.491733s, Connection: 0.578939s, Pretransfer: 0.735216s, First byte at: 0.913087s
[2026-04-19 13:30:01] [TRACE]   [OmnipathR] HTTP headers: HTTP/2 200 ; server: Apache; vary: Accept-Encoding; content-type: text/html; charset=utf-8; content-encoding: gzip; content-security-policy: frame-ancestors 'self'; date: Sun, 19 Apr 2026 13:30:01 GMT; x-nginx-machine: wp-p1m2-32.ebi.ac.uk; set-cookie: redirect_mirror=; path=/; expires=Mon, 01-Jan-2001 00:00:01 GMT; set-cookie: redirect_mirror=no; path=/; expires=Mon, 20 Apr 2026 13:30:01 GMT; set-cookie: ENSEMBL_HINX_SESSION=f1053d71a0eed8ad0c6756186a33f2d90bf6c978b373d41aac74808a; path=/; expires=Thu, 31-Dec-2037 23:59:59 GMT; HttpOnly; set-cookie: redirect_mirror=; path=/; expires=Mon, 01-Jan-2001 00:00:01 GMT; set-cookie: redirect_mirror=no; path=/; expires=Mon, 20 Apr 2026 13:30:01 GMT; set-cookie: ENSEMBL_HINX_SESSION=f1053d71a0eed8ad0c6756186a33f2d90bf6c978b373d41aac74808a; path=/; expires=Thu, 31-Dec-2037 23:59:59 GMT; HttpOnly; x-frame-options: SAMEORIGIN; content-length: 32087
[2026-04-19 13:30:01] [TRACE]   [OmnipathR] Response headers: [server=Apache,vary=Accept-Encoding,content-type=text/html; charset=utf-8,content-encoding=gzip,content-security-policy=frame-ancestors 'self',date=Sun, 19 Apr 2026 13:30:01 GMT,x-nginx-machine=wp-p1m2-32.ebi.ac.uk,set-cookie=redirect_mirror=; path=/; expires=Mon, 01-Jan-2001 00:00:01 GMT,set-cookie=redirect_mirror=no; path=/; expires=Mon, 20 Apr 2026 13:30:01 GMT,set-cookie=ENSEMBL_HINX_SESSION=f1053d71a0eed8ad0c6756186a33f2d90bf6c978b373d41aac74808a; path=/; expires=Thu, 31-Dec-2037 23:59:59 GMT; HttpOnly,set-cookie=redirect_mirror=; path=/; expires=Mon, 01-Jan-2001 00:00:01 GMT,set-cookie=redirect_mirror=no; path=/; expires=Mon, 20 Apr 2026 13:30:01 GMT,set-cookie=ENSEMBL_HINX_SESSION=f1053d71a0eed8ad0c6756186a33f2d90bf6c978b373d41aac74808a; path=/; expires=Thu, 31-Dec-2037 23:59:59 GMT; HttpOnly,x-frame-options=SAMEORIGIN,content-length=32087]
[2026-04-19 13:30:02] [INFO]    [OmnipathR] Download ready [key=7332486db7400730697234bad76ca0c8e4d00799, version=1]
[2026-04-19 13:30:02] [TRACE]   [OmnipathR] Reading JSON from `/home/runner/.cache/OmnipathR/cache.json` (encoding: UTF-8).
[2026-04-19 13:30:02] [TRACE]   [OmnipathR] JSON validation successful: TRUE
[2026-04-19 13:30:02] [INFO]    [OmnipathR] Cache item `7332486db7400730697234bad76ca0c8e4d00799` version 1: status changed from `unknown` to `ready`.
[2026-04-19 13:30:02] [TRACE]   [OmnipathR] Downloading by `generic_downloader`.
[2026-04-19 13:30:02] [TRACE]   [OmnipathR] Looking up in cache: `https://omabrowser.org/All/oma-species.txt`.
[2026-04-19 13:30:02] [INFO]    [OmnipathR] Cache record does not exist: `https://omabrowser.org/All/oma-species.txt`
[2026-04-19 13:30:02] [TRACE]   [OmnipathR] Could not find in cache, initiating download: `https://omabrowser.org/All/oma-species.txt`.
[2026-04-19 13:30:02] [TRACE]   [OmnipathR] Reading JSON from `/home/runner/.cache/OmnipathR/cache.json` (encoding: UTF-8).
[2026-04-19 13:30:02] [TRACE]   [OmnipathR] JSON validation successful: TRUE
[2026-04-19 13:30:02] [TRACE]   [OmnipathR] Reading JSON from `/home/runner/.cache/OmnipathR/cache.json` (encoding: UTF-8).
[2026-04-19 13:30:02] [TRACE]   [OmnipathR] JSON validation successful: TRUE
[2026-04-19 13:30:02] [INFO]    [OmnipathR] Cache item `30e690cbb55dfc63b5903ab337f34ffc2f4be397` version 1: status changed from `unknown` to `started`.
[2026-04-19 13:30:02] [TRACE]   [OmnipathR] Exporting object to RDS: `/home/runner/.cache/OmnipathR/30e690cbb55dfc63b5903ab337f34ffc2f4be397-1.rds`.
[2026-04-19 13:30:02] [INFO]    [OmnipathR] Retrieving URL: `https://omabrowser.org/All/oma-species.txt`
[2026-04-19 13:30:02] [TRACE]   [OmnipathR] Attempt 1/3: `https://omabrowser.org/All/oma-species.txt`
[2026-04-19 13:30:02] [TRACE]   [OmnipathR] HTTP request by `omnipath_curl`.
[2026-04-19 13:30:02] [TRACE]   [OmnipathR] The following curl options are not available: tcp_keepcnt
[2026-04-19 13:30:02] [TRACE]   [OmnipathR] Curl options: [connecttimeout=10,timeout=300,debugfunction=<function>,verbose=FALSE,tcp_keepalive=TRUE,tcp_keepintvl=10,tcp_keepidle=10,upkeep_interval_ms=30000,ssl_verifypeer=1,ssl_verifyhost=2]
[2026-04-19 13:30:02] [TRACE]   [OmnipathR] HTTP v2 GET: status 200.
[2026-04-19 13:30:02] [TRACE]   [OmnipathR] Downloaded 7.6 Kb in 0.369749s from omabrowser.org (20.5 Kb/s); Redirect: 0s, DNS look up: 0.011499s, Connection: 0.015619s, Pretransfer: 0.038653s, First byte at: 0.369559s
[2026-04-19 13:30:02] [TRACE]   [OmnipathR] HTTP headers: HTTP/2 200 ; date: Sun, 19 Apr 2026 13:30:02 GMT; content-type: text/plain; charset=UTF-8; server: cloudflare; strict-transport-security: max-age=31536000; includeSubDomains; last-modified: Wed, 20 Nov 2024 10:20:02 GMT; etag: W/"673db7d2-6517f"; access-control-allow-origin: *; content-encoding: gzip; cf-cache-status: DYNAMIC; vary: accept-encoding; nel: {"report_to":"cf-nel","success_fraction":0.0,"max_age":604800}; report-to: {"group":"cf-nel","max_age":604800,"endpoints":[{"url":"https://a.nel.cloudflare.com/report/v4?s=MGqCwVvJnUTwfTVvdPsd90kfawZ6FnRoQcUleY561U5xlcDS26lFUVmiEfcK6EMERI1Bv4uGWcPGE%2FhxaNF4OO1gZZ%2F0nUMaWtMDTEcDF0elXHR1EBwL3%2BFtdR4Q8n%2F%2FkQ%3D%3D"}]}; cf-ray: 9eec42f5fd62780e-IAD; alt-svc: h3=":443"; ma=86400
[2026-04-19 13:30:04] [TRACE]   [OmnipathR] Exported RDS to `/home/runner/.cache/OmnipathR/30e690cbb55dfc63b5903ab337f34ffc2f4be397-1.rds`.
[2026-04-19 13:30:04] [INFO]    [OmnipathR] Download ready [key=30e690cbb55dfc63b5903ab337f34ffc2f4be397, version=1]
[2026-04-19 13:30:04] [TRACE]   [OmnipathR] Reading JSON from `/home/runner/.cache/OmnipathR/cache.json` (encoding: UTF-8).
[2026-04-19 13:30:04] [TRACE]   [OmnipathR] JSON validation successful: TRUE
[2026-04-19 13:30:04] [INFO]    [OmnipathR] Cache item `30e690cbb55dfc63b5903ab337f34ffc2f4be397` version 1: status changed from `started` to `ready`.
[2026-04-19 13:30:04] [TRACE]   [OmnipathR] Downloading by `generic_downloader`.
[2026-04-19 13:30:04] [TRACE]   [OmnipathR] Looking up in cache: `https://ftp.expasy.org/databases/uniprot/current_release/knowledgebase/complete/docs/speclist.txt`.
[2026-04-19 13:30:04] [INFO]    [OmnipathR] Cache record does not exist: `https://ftp.expasy.org/databases/uniprot/current_release/knowledgebase/complete/docs/speclist.txt`
[2026-04-19 13:30:04] [TRACE]   [OmnipathR] Could not find in cache, initiating download: `https://ftp.expasy.org/databases/uniprot/current_release/knowledgebase/complete/docs/speclist.txt`.
[2026-04-19 13:30:04] [TRACE]   [OmnipathR] Reading JSON from `/home/runner/.cache/OmnipathR/cache.json` (encoding: UTF-8).
[2026-04-19 13:30:04] [TRACE]   [OmnipathR] JSON validation successful: TRUE
[2026-04-19 13:30:04] [TRACE]   [OmnipathR] Reading JSON from `/home/runner/.cache/OmnipathR/cache.json` (encoding: UTF-8).
[2026-04-19 13:30:04] [TRACE]   [OmnipathR] JSON validation successful: TRUE
[2026-04-19 13:30:04] [INFO]    [OmnipathR] Cache item `56ad6544dc07a2222fa6013d8d83e6e5a35fdf33` version 1: status changed from `unknown` to `started`.
[2026-04-19 13:30:04] [TRACE]   [OmnipathR] Exporting object to RDS: `/home/runner/.cache/OmnipathR/56ad6544dc07a2222fa6013d8d83e6e5a35fdf33-1.rds`.
[2026-04-19 13:30:04] [INFO]    [OmnipathR] Retrieving URL: `https://ftp.expasy.org/databases/uniprot/current_release/knowledgebase/complete/docs/speclist.txt`
[2026-04-19 13:30:04] [TRACE]   [OmnipathR] Attempt 1/3: `https://ftp.expasy.org/databases/uniprot/current_release/knowledgebase/complete/docs/speclist.txt`
[2026-04-19 13:31:04] [WARN]    [OmnipathR] Failed to download `https://ftp.expasy.org/databases/uniprot/current_release/knowledgebase/complete/docs/speclist.txt` (attempt 1/3); error: cannot open the connection to 'https://ftp.expasy.org/databases/uniprot/current_release/knowledgebase/complete/docs/speclist.txt'
[2026-04-19 13:31:09] [TRACE]   [OmnipathR] Attempt 2/3: `https://ftp.expasy.org/databases/uniprot/current_release/knowledgebase/complete/docs/speclist.txt`
[2026-04-19 13:32:09] [WARN]    [OmnipathR] Failed to download `https://ftp.expasy.org/databases/uniprot/current_release/knowledgebase/complete/docs/speclist.txt` (attempt 2/3); error: cannot open the connection to 'https://ftp.expasy.org/databases/uniprot/current_release/knowledgebase/complete/docs/speclist.txt'
[2026-04-19 13:32:14] [TRACE]   [OmnipathR] Attempt 3/3: `https://ftp.expasy.org/databases/uniprot/current_release/knowledgebase/complete/docs/speclist.txt`
[2026-04-19 13:33:14] [ERROR]   [OmnipathR] Failed to download `https://ftp.expasy.org/databases/uniprot/current_release/knowledgebase/complete/docs/speclist.txt` (attempt 3/3); error: cannot open the connection to 'https://ftp.expasy.org/databases/uniprot/current_release/knowledgebase/complete/docs/speclist.txt'
[2026-04-19 13:33:14] [INFO]    [OmnipathR] Package `OmnipathR` packaged: 2026-04-19 13:20:07 UTC; runner
[2026-04-19 13:33:14] [INFO]    [OmnipathR] Package `OmnipathR` date/publication: NA
[2026-04-19 13:33:14] [INFO]    [OmnipathR] Package `OmnipathR` built: R 4.5.3; ; 2026-04-19 13:20:09 UTC; unix
[2026-04-19 13:33:14] [INFO]    [OmnipathR] Package `OmnipathR` version: 3.19.11
[2026-04-19 13:33:14] [INFO]    [OmnipathR] Package `OmnipathR` repository: NA
[2026-04-19 13:33:14] [INFO]    [OmnipathR] Session info: [version=R version 4.5.3 (2026-03-11); os=Ubuntu 24.04.4 LTS; system=x86_64, linux-gnu; ui=X11; language=en; collate=C; ctype=C.UTF-8; tz=UTC; date=2026-04-19; pandoc=3.1.11 @ /opt/hostedtoolcache/pandoc/3.1.11/x64/ (via rmarkdown); quarto=NA]
[2026-04-19 13:33:14] [INFO]    [OmnipathR] External libraries: [cairo=1.18.0; cairoFT=; pango=1.52.1; png=1.6.43; jpeg=8.0; tiff=LIBTIFF, Version 4.5.1; tcl=8.6.14; curl=8.5.0; zlib=1.3; bzlib=1.0.8, 13-Jul-2019; xz=5.4.5; deflate=1.19; PCRE=10.42 2022-12-11; ICU=74.2; TRE=TRE 0.8.0 R_fixes (BSD); iconv=glibc 2.39; readline=8.2; BLAS=/usr/lib/x86_64-linux-gnu/openblas-pthread/libblas.so.3; lapack=/usr/lib/x86_64-linux-gnu/openblas-pthread/libopenblasp-r0.3.26.so; lapack_version=3.12.0]
[2026-04-19 13:33:15] [INFO]    [OmnipathR] Loaded packages: abind 1.4-8(2024-09-12); ADImpute 1.20.0(2025-10-29); annotate 1.88.0(2025-10-29); AnnotationDbi 1.72.0(2025-10-29); ape 5.8-1(2024-12-16); aplot 0.2.9(2025-09-12); askpass 1.2.1(2024-10-04); assertthat 0.2.1(2019-03-21); babelgene 22.9(2022-09-29); backports 1.5.1(2026-04-03); base64enc 0.1-6(2026-02-02); beachmat 2.26.0(2025-10-29); Biobase 2.70.0(2025-10-29); BiocGenerics 0.56.0(2025-10-29); BiocParallel 1.44.0(2025-10-29); BiocSingular 1.26.1(2025-11-17); Biostrings 2.78.0(2025-10-29); bit 4.6.0(2025-03-06); bit64 4.6.0-1(2025-01-16); bitops 1.0-9(2024-10-03); blob 1.3.0(2026-01-14); brio 1.1.5(2024-04-24); broom 1.0.12(2026-01-27); bslib 0.10.0(2026-01-26); cachem 1.1.0(2024-05-16); car 3.1-5(2026-02-03); carData 3.0-6(2026-01-30); caTools 1.18.3(2024-09-04); cellranger 1.1.0(2016-07-27); CellTFusion 0.0.0.9000(2026-04-19); checkmate 2.3.4(2026-02-03); cli 3.6.6(2026-04-09); cluster 2.1.8.2(2026-02-05); clusterProfiler 4.18.4(2025-12-15); codetools 0.2-20(2024-03-31); colorspace 2.1-2(2025-09-22); cowplot 1.2.0(2025-07-07); crayon 1.5.3(2024-06-20); curl 7.0.0(2025-08-19); data.table 1.18.2.1(2026-01-27); DBI 1.3.0(2026-02-25); decoupleR 2.16.0(2025-10-29); DelayedArray 0.36.1(2026-03-31); dendextend 1.19.1(2025-07-15); desc 1.4.3(2023-12-10); devtools 2.5.1(2026-04-16); digest 0.6.39(2025-11-19); doParallel 1.0.17(2022-02-07); DOSE 4.4.0(2025-10-29); downlit 0.4.5(2025-11-14); dplyr 1.2.1(2026-04-03); ellipsis 0.3.3(2026-04-04); enrichplot 1.30.5(2026-03-02); evaluate 1.0.5(2025-08-27); factoextra 2.0.0(2026-03-03); fansi 1.0.7(2025-11-19); farver 2.1.2(2024-05-13); fastmap 1.2.0(2024-05-15); fastmatch 1.1-8(2026-01-17); fgsea 1.36.2(2026-01-05); fontawesome 0.5.3(2024-11-16); fontBitstreamVera 0.1.1(2017-02-01); fontLiberation 0.1.0(2016-10-15); fontquiver 0.2.1(2017-02-01); foreach 1.5.2(2022-02-02); foreign 0.8-91(2026-01-29); Formula 1.2-5(2023-02-24); fs 2.1.0(2026-04-18); gdtools 0.5.0(2026-02-09); generics 0.1.4(2025-05-09); GenomicRanges 1.62.1(2025-12-08); ggforce 0.5.0(2025-06-18); ggfun 0.2.0(2025-07-15); ggiraph 0.9.6(2026-02-21); ggnewscale 0.5.2(2025-06-20); ggplot2 4.0.2(2026-02-03); ggplotify 0.1.3(2025-09-20); ggrepel 0.9.8(2026-03-17); ggtangle 0.1.1(2026-01-16); ggtree 4.1.2(2026-04-19); gitcreds 0.1.2(2022-09-08); glue 1.8.1(2026-04-17); GO.db 3.22.0(2026-04-19); GOSemSim 2.36.0(2025-10-29); gplots 3.3.0(2025-11-30); graph 1.88.1(2025-12-08); gridExtra 2.3(2017-09-09); gridGraphics 0.5-1(2020-12-13); GSEABase 1.72.0(2025-10-29); gson 0.1.0(2023-03-07); GSVA 2.4.9(2026-04-07); gtable 0.3.6(2024-10-25); gtools 3.9.5(2023-11-20); h5mread 1.2.1(2025-11-25); HDF5Array 1.38.0(2025-10-29); Hmisc 5.2-5(2026-01-09); hms 1.1.4(2025-10-17); htmlTable 2.4.3(2024-07-21); htmltools 0.5.9(2025-12-04); htmlwidgets 1.6.4(2023-12-06); httpuv 1.6.17(2026-03-18); httr 1.4.8(2026-02-13); httr2 1.2.2(2025-12-08); igraph 2.2.3(2026-04-07); IRanges 2.44.0(2025-10-29); irlba 2.3.7(2026-01-30); iterators 1.0.14(2022-02-05); jquerylib 0.1.4(2021-04-26); jsonlite 2.0.0(2025-03-27); KEGGREST 1.50.0(2025-10-29); KernSmooth 2.23-26(2025-01-01); knitr 1.51(2025-12-20); later 1.4.8(2026-03-05); lattice 0.22-9(2026-02-09); lazyeval 0.2.3(2026-04-04); lifecycle 1.0.5(2026-01-08); limma 3.66.0(2025-10-29); logger 0.4.1(2025-09-11); lubridate 1.9.5(2026-02-04); magick 2.9.1(2026-02-28); magrittr 2.0.5(2026-04-04); MASS 7.3-65(2025-02-28); Matrix 1.7-4(2025-08-28); MatrixGenerics 1.22.0(2025-10-29); matrixStats 1.5.0(2025-01-07); memoise 2.0.1(2021-11-26); memuse 4.2-3(2023-01-24); mime 0.13(2025-03-17); msigdbr 26.1.0(2026-03-12); multideconv 0.0.1(2026-04-19); nlme 3.1-168(2025-03-31); nnet 7.3-20(2025-01-01); nnls 1.6(2024-10-23); OmnipathR 3.19.11(2026-04-19); openssl 2.4.0(2026-04-15); org.Hs.eg.db 3.22.0(2026-04-19); otel 0.2.0(2025-08-29); pak 0.9.4(2026-04-17); parallelly 1.47.0(2026-04-17); patchwork 1.3.2(2025-08-25); pcaMethods 2.2.0(2025-10-29); pheatmap 1.0.13(2025-06-05); pillar 1.11.1(2025-09-17); pkgbuild 1.4.8(2025-05-26); pkgconfig 2.0.3(2019-09-22); pkgdown 2.2.0(2025-11-06); pkgload 1.5.1(2026-04-01); plyr 1.8.9(2023-10-02); png 0.1-9(2026-03-15); polyclip 1.10-7(2024-07-23); prettyunits 1.2.0(2023-09-24); progress 1.2.3(2023-12-06); promises 1.5.0(2025-11-01); purrr 1.2.2(2026-04-10); qvalue 2.42.0(2025-10-29); R.methodsS3 1.8.2(2022-06-13); R.oo 1.27.1(2025-05-02); R.utils 2.13.0(2025-02-24); R6 2.6.1(2025-02-15); ragg 1.5.2(2026-03-23); rappdirs 0.3.4(2026-01-17); RColorBrewer 1.1-3(2022-04-03); Rcpp 1.1.1-1(2026-04-16); readr 2.2.0(2026-02-19); readxl 1.4.5(2025-03-07); reshape2 1.4.5(2025-11-12); rhdf5 2.54.1(2025-12-04); rhdf5filters 1.22.0(2025-10-29); Rhdf5lib 1.32.0(2025-10-29); rjson 0.2.23(2024-09-16); rlang 1.2.0(2026-04-06); rmarkdown 2.31(2026-03-26); rpart 4.1.24(2025-01-07); RSQLite 2.4.6(2026-02-06); rstatix 0.7.3(2025-10-18); rstudioapi 0.18.0(2026-01-16); rsvd 1.0.5(2021-04-16); rvest 1.0.5(2025-08-29); S4Arrays 1.10.1(2025-12-01); S4Vectors 0.48.1(2026-04-05); S7 0.2.1-1(2025-11-14); sass 0.4.10(2025-04-11); ScaledMatrix 1.18.0(2025-10-29); scales 1.4.0(2025-04-24); scatterpie 0.2.6(2025-09-12); selectr 0.5-1(2025-12-17); Seqinfo 1.0.0(2025-10-29); sessioninfo 1.2.3(2025-02-05); shiny 1.13.0(2026-02-20); SingleCellExperiment 1.32.0(2025-10-29); SparseArray 1.10.10(2026-03-30); sparseMatrixStats 1.22.0(2025-10-29); SpatialExperiment 1.20.0(2025-10-29); statmod 1.5.1(2025-10-09); stringi 1.8.7(2025-03-27); stringr 1.6.0(2025-11-04); SummarizedExperiment 1.40.0(2025-10-29); systemfonts 1.3.2(2026-03-05); testthat 3.3.2(2026-01-11); textshaping 1.0.5(2026-03-06); tibble 3.3.1(2026-01-11); tidydr 0.0.6(2025-07-25); tidyr 1.3.2(2025-12-19); tidyselect 1.2.1(2024-03-11); tidytree 0.4.7(2026-01-08); timechange 0.4.0(2026-01-29); treeio 1.34.0(2025-10-30); tweenr 2.0.3(2024-02-26); tzdb 0.5.0(2025-03-15); usethis 3.2.1(2025-09-06); vctrs 0.7.3(2026-04-11); viridis 0.6.5(2024-01-29); viridisLite 0.4.3(2026-02-04); vroom 1.7.1(2026-03-31); whisker 0.4.1(2022-12-05); withr 3.0.2(2024-10-28); xfun 0.57(2026-03-20); XML 3.99-0.23(2026-03-20); xml2 1.5.2(2026-01-17); xtable 1.8-8(2026-02-22); XVector 0.50.0(2025-10-29); yaml 2.3.12(2025-12-10); yulab.utils 0.2.4(2026-02-02); zip 2.3.3(2025-05-13)
[2026-04-19 13:33:15] [INFO]    [OmnipathR] CURL: version: 8.5.0; headers: 8.5.0; ssl_version: OpenSSL/3.0.13; libz_version: 1.3; libssh_version: libssh/0.10.6/openssl/zlib; libidn_version: 2.3.7; host: x86_64-pc-linux-gnu; protocols: dict, file, ftp, ftps, gopher, gophers, http, https, imap, imaps, ldap, ldaps, mqtt, pop3, pop3s, rtmp, rtmpe, rtmps, rtmpt, rtmpte, rtmpts, rtsp, scp, sftp, smb, smbs, smtp, smtps, telnet, tftp; ipv6: TRUE; http2: TRUE; idn: TRUE; url_parser: TRUE
[2026-04-19 13:33:16] [TRACE]   [OmnipathR] Processing args for OmniPath query
[2026-04-19 13:33:16] [TRACE]   [OmnipathR] Arguments for OmniPath query: [wide=TRUE,resources=PROGENy,query_type=annotations]
[2026-04-19 13:33:16] [TRACE]   [OmnipathR] Param in `omnipath_query`: [query_type=annotations,organism=9606,resources=PROGENy,datasets=<NULL>,types=<NULL>,genesymbols=yes,fields=<NULL>,default_fields=TRUE,silent=FALSE,logicals=<NULL>,download_args=[],format=data.frame,references_by_resource=TRUE,add_counts=TRUE,license=<NULL>,password=<NULL>,exclude=<NULL>,json_param=[],strict_evidences=FALSE,genesymbol_resource=UniProt,cache=TRUE]
[2026-04-19 13:33:16] [INFO]    [OmnipathR] Loading database `Ensembl and OMA organism names`.
[2026-04-19 13:33:16] [TRACE]   [OmnipathR] Checking on-disk cache for database `organisms`.
[2026-04-19 13:33:16] [INFO]    [OmnipathR] Cache record does not exist: `db://organisms`
[2026-04-19 13:33:16] [TRACE]   [OmnipathR] Loading database `organisms` from source.
[2026-04-19 13:33:16] [INFO]    [OmnipathR] Looking up in cache `https://www.ensembl.org/info/about/species.html`: key=7332486db7400730697234bad76ca0c8e4d00799, latest version=1.
[2026-04-19 13:33:16] [TRACE]   [OmnipathR] Cache file path: /home/runner/.cache/OmnipathR/7332486db7400730697234bad76ca0c8e4d00799-1.html
[2026-04-19 13:33:16] [TRACE]   [OmnipathR] Downloading by `generic_downloader`.
[2026-04-19 13:33:16] [TRACE]   [OmnipathR] Looking up in cache: `https://omabrowser.org/All/oma-species.txt`.
[2026-04-19 13:33:16] [TRACE]   [OmnipathR] Loaded data from RDS `/home/runner/.cache/OmnipathR/30e690cbb55dfc63b5903ab337f34ffc2f4be397-1.rds`.
[2026-04-19 13:33:16] [TRACE]   [OmnipathR] Downloading by `generic_downloader`.
[2026-04-19 13:33:16] [TRACE]   [OmnipathR] Looking up in cache: `https://ftp.expasy.org/databases/uniprot/current_release/knowledgebase/complete/docs/speclist.txt`.
[2026-04-19 13:33:16] [INFO]    [OmnipathR] No version is available for key `56ad6544dc07a2222fa6013d8d83e6e5a35fdf33` (https://ftp.expasy.org/databases/uniprot/current_release/knowledgebase/complete/docs/speclist.txt).
[2026-04-19 13:33:16] [TRACE]   [OmnipathR] Could not find in cache, initiating download: `https://ftp.expasy.org/databases/uniprot/current_release/knowledgebase/complete/docs/speclist.txt`.
[2026-04-19 13:33:16] [TRACE]   [OmnipathR] Reading JSON from `/home/runner/.cache/OmnipathR/cache.json` (encoding: UTF-8).
[2026-04-19 13:33:16] [TRACE]   [OmnipathR] JSON validation successful: TRUE
[2026-04-19 13:33:16] [INFO]    [OmnipathR] Cache item `56ad6544dc07a2222fa6013d8d83e6e5a35fdf33` version 2: status changed from `unknown` to `started`.
[2026-04-19 13:33:16] [TRACE]   [OmnipathR] Exporting object to RDS: `/home/runner/.cache/OmnipathR/56ad6544dc07a2222fa6013d8d83e6e5a35fdf33-2.rds`.
[2026-04-19 13:33:16] [INFO]    [OmnipathR] Retrieving URL: `https://ftp.expasy.org/databases/uniprot/current_release/knowledgebase/complete/docs/speclist.txt`
[2026-04-19 13:33:16] [TRACE]   [OmnipathR] Attempt 1/3: `https://ftp.expasy.org/databases/uniprot/current_release/knowledgebase/complete/docs/speclist.txt`
[2026-04-19 13:34:16] [WARN]    [OmnipathR] Failed to download `https://ftp.expasy.org/databases/uniprot/current_release/knowledgebase/complete/docs/speclist.txt` (attempt 1/3); error: cannot open the connection to 'https://ftp.expasy.org/databases/uniprot/current_release/knowledgebase/complete/docs/speclist.txt'
[2026-04-19 13:34:21] [TRACE]   [OmnipathR] Attempt 2/3: `https://ftp.expasy.org/databases/uniprot/current_release/knowledgebase/complete/docs/speclist.txt`
[2026-04-19 13:35:21] [WARN]    [OmnipathR] Failed to download `https://ftp.expasy.org/databases/uniprot/current_release/knowledgebase/complete/docs/speclist.txt` (attempt 2/3); error: cannot open the connection to 'https://ftp.expasy.org/databases/uniprot/current_release/knowledgebase/complete/docs/speclist.txt'
[2026-04-19 13:35:26] [TRACE]   [OmnipathR] Attempt 3/3: `https://ftp.expasy.org/databases/uniprot/current_release/knowledgebase/complete/docs/speclist.txt`
[2026-04-19 13:36:26] [ERROR]   [OmnipathR] Failed to download `https://ftp.expasy.org/databases/uniprot/current_release/knowledgebase/complete/docs/speclist.txt` (attempt 3/3); error: cannot open the connection to 'https://ftp.expasy.org/databases/uniprot/current_release/knowledgebase/complete/docs/speclist.txt'
[2026-04-19 13:36:26] [INFO]    [OmnipathR] Package `OmnipathR` packaged: 2026-04-19 13:20:07 UTC; runner
[2026-04-19 13:36:26] [INFO]    [OmnipathR] Package `OmnipathR` date/publication: NA
[2026-04-19 13:36:26] [INFO]    [OmnipathR] Package `OmnipathR` built: R 4.5.3; ; 2026-04-19 13:20:09 UTC; unix
[2026-04-19 13:36:26] [INFO]    [OmnipathR] Package `OmnipathR` version: 3.19.11
[2026-04-19 13:36:26] [INFO]    [OmnipathR] Package `OmnipathR` repository: NA
[2026-04-19 13:36:26] [INFO]    [OmnipathR] Session info: [version=R version 4.5.3 (2026-03-11); os=Ubuntu 24.04.4 LTS; system=x86_64, linux-gnu; ui=X11; language=en; collate=C; ctype=C.UTF-8; tz=UTC; date=2026-04-19; pandoc=3.1.11 @ /opt/hostedtoolcache/pandoc/3.1.11/x64/ (via rmarkdown); quarto=NA]
[2026-04-19 13:36:26] [INFO]    [OmnipathR] External libraries: [cairo=1.18.0; cairoFT=; pango=1.52.1; png=1.6.43; jpeg=8.0; tiff=LIBTIFF, Version 4.5.1; tcl=8.6.14; curl=8.5.0; zlib=1.3; bzlib=1.0.8, 13-Jul-2019; xz=5.4.5; deflate=1.19; PCRE=10.42 2022-12-11; ICU=74.2; TRE=TRE 0.8.0 R_fixes (BSD); iconv=glibc 2.39; readline=8.2; BLAS=/usr/lib/x86_64-linux-gnu/openblas-pthread/libblas.so.3; lapack=/usr/lib/x86_64-linux-gnu/openblas-pthread/libopenblasp-r0.3.26.so; lapack_version=3.12.0]
[2026-04-19 13:36:26] [INFO]    [OmnipathR] Loaded packages: abind 1.4-8(2024-09-12); ADImpute 1.20.0(2025-10-29); annotate 1.88.0(2025-10-29); AnnotationDbi 1.72.0(2025-10-29); ape 5.8-1(2024-12-16); aplot 0.2.9(2025-09-12); askpass 1.2.1(2024-10-04); assertthat 0.2.1(2019-03-21); babelgene 22.9(2022-09-29); backports 1.5.1(2026-04-03); base64enc 0.1-6(2026-02-02); beachmat 2.26.0(2025-10-29); Biobase 2.70.0(2025-10-29); BiocGenerics 0.56.0(2025-10-29); BiocParallel 1.44.0(2025-10-29); BiocSingular 1.26.1(2025-11-17); Biostrings 2.78.0(2025-10-29); bit 4.6.0(2025-03-06); bit64 4.6.0-1(2025-01-16); bitops 1.0-9(2024-10-03); blob 1.3.0(2026-01-14); brio 1.1.5(2024-04-24); broom 1.0.12(2026-01-27); bslib 0.10.0(2026-01-26); cachem 1.1.0(2024-05-16); car 3.1-5(2026-02-03); carData 3.0-6(2026-01-30); caTools 1.18.3(2024-09-04); cellranger 1.1.0(2016-07-27); CellTFusion 0.0.0.9000(2026-04-19); checkmate 2.3.4(2026-02-03); cli 3.6.6(2026-04-09); cluster 2.1.8.2(2026-02-05); clusterProfiler 4.18.4(2025-12-15); codetools 0.2-20(2024-03-31); colorspace 2.1-2(2025-09-22); cowplot 1.2.0(2025-07-07); crayon 1.5.3(2024-06-20); curl 7.0.0(2025-08-19); data.table 1.18.2.1(2026-01-27); DBI 1.3.0(2026-02-25); decoupleR 2.16.0(2025-10-29); DelayedArray 0.36.1(2026-03-31); dendextend 1.19.1(2025-07-15); desc 1.4.3(2023-12-10); devtools 2.5.1(2026-04-16); digest 0.6.39(2025-11-19); doParallel 1.0.17(2022-02-07); DOSE 4.4.0(2025-10-29); downlit 0.4.5(2025-11-14); dplyr 1.2.1(2026-04-03); ellipsis 0.3.3(2026-04-04); enrichplot 1.30.5(2026-03-02); evaluate 1.0.5(2025-08-27); factoextra 2.0.0(2026-03-03); fansi 1.0.7(2025-11-19); farver 2.1.2(2024-05-13); fastmap 1.2.0(2024-05-15); fastmatch 1.1-8(2026-01-17); fgsea 1.36.2(2026-01-05); fontawesome 0.5.3(2024-11-16); fontBitstreamVera 0.1.1(2017-02-01); fontLiberation 0.1.0(2016-10-15); fontquiver 0.2.1(2017-02-01); foreach 1.5.2(2022-02-02); foreign 0.8-91(2026-01-29); Formula 1.2-5(2023-02-24); fs 2.1.0(2026-04-18); gdtools 0.5.0(2026-02-09); generics 0.1.4(2025-05-09); GenomicRanges 1.62.1(2025-12-08); ggforce 0.5.0(2025-06-18); ggfun 0.2.0(2025-07-15); ggiraph 0.9.6(2026-02-21); ggnewscale 0.5.2(2025-06-20); ggplot2 4.0.2(2026-02-03); ggplotify 0.1.3(2025-09-20); ggrepel 0.9.8(2026-03-17); ggtangle 0.1.1(2026-01-16); ggtree 4.1.2(2026-04-19); gitcreds 0.1.2(2022-09-08); glue 1.8.1(2026-04-17); GO.db 3.22.0(2026-04-19); GOSemSim 2.36.0(2025-10-29); gplots 3.3.0(2025-11-30); graph 1.88.1(2025-12-08); gridExtra 2.3(2017-09-09); gridGraphics 0.5-1(2020-12-13); GSEABase 1.72.0(2025-10-29); gson 0.1.0(2023-03-07); GSVA 2.4.9(2026-04-07); gtable 0.3.6(2024-10-25); gtools 3.9.5(2023-11-20); h5mread 1.2.1(2025-11-25); HDF5Array 1.38.0(2025-10-29); Hmisc 5.2-5(2026-01-09); hms 1.1.4(2025-10-17); htmlTable 2.4.3(2024-07-21); htmltools 0.5.9(2025-12-04); htmlwidgets 1.6.4(2023-12-06); httpuv 1.6.17(2026-03-18); httr 1.4.8(2026-02-13); httr2 1.2.2(2025-12-08); igraph 2.2.3(2026-04-07); IRanges 2.44.0(2025-10-29); irlba 2.3.7(2026-01-30); iterators 1.0.14(2022-02-05); jquerylib 0.1.4(2021-04-26); jsonlite 2.0.0(2025-03-27); KEGGREST 1.50.0(2025-10-29); KernSmooth 2.23-26(2025-01-01); knitr 1.51(2025-12-20); later 1.4.8(2026-03-05); lattice 0.22-9(2026-02-09); lazyeval 0.2.3(2026-04-04); lifecycle 1.0.5(2026-01-08); limma 3.66.0(2025-10-29); logger 0.4.1(2025-09-11); lubridate 1.9.5(2026-02-04); magick 2.9.1(2026-02-28); magrittr 2.0.5(2026-04-04); MASS 7.3-65(2025-02-28); Matrix 1.7-4(2025-08-28); MatrixGenerics 1.22.0(2025-10-29); matrixStats 1.5.0(2025-01-07); memoise 2.0.1(2021-11-26); memuse 4.2-3(2023-01-24); mime 0.13(2025-03-17); msigdbr 26.1.0(2026-03-12); multideconv 0.0.1(2026-04-19); nlme 3.1-168(2025-03-31); nnet 7.3-20(2025-01-01); nnls 1.6(2024-10-23); OmnipathR 3.19.11(2026-04-19); openssl 2.4.0(2026-04-15); org.Hs.eg.db 3.22.0(2026-04-19); otel 0.2.0(2025-08-29); pak 0.9.4(2026-04-17); parallelly 1.47.0(2026-04-17); patchwork 1.3.2(2025-08-25); pcaMethods 2.2.0(2025-10-29); pheatmap 1.0.13(2025-06-05); pillar 1.11.1(2025-09-17); pkgbuild 1.4.8(2025-05-26); pkgconfig 2.0.3(2019-09-22); pkgdown 2.2.0(2025-11-06); pkgload 1.5.1(2026-04-01); plyr 1.8.9(2023-10-02); png 0.1-9(2026-03-15); polyclip 1.10-7(2024-07-23); prettyunits 1.2.0(2023-09-24); progress 1.2.3(2023-12-06); promises 1.5.0(2025-11-01); purrr 1.2.2(2026-04-10); qvalue 2.42.0(2025-10-29); R.methodsS3 1.8.2(2022-06-13); R.oo 1.27.1(2025-05-02); R.utils 2.13.0(2025-02-24); R6 2.6.1(2025-02-15); ragg 1.5.2(2026-03-23); rappdirs 0.3.4(2026-01-17); RColorBrewer 1.1-3(2022-04-03); Rcpp 1.1.1-1(2026-04-16); readr 2.2.0(2026-02-19); readxl 1.4.5(2025-03-07); reshape2 1.4.5(2025-11-12); rhdf5 2.54.1(2025-12-04); rhdf5filters 1.22.0(2025-10-29); Rhdf5lib 1.32.0(2025-10-29); rjson 0.2.23(2024-09-16); rlang 1.2.0(2026-04-06); rmarkdown 2.31(2026-03-26); rpart 4.1.24(2025-01-07); RSQLite 2.4.6(2026-02-06); rstatix 0.7.3(2025-10-18); rstudioapi 0.18.0(2026-01-16); rsvd 1.0.5(2021-04-16); rvest 1.0.5(2025-08-29); S4Arrays 1.10.1(2025-12-01); S4Vectors 0.48.1(2026-04-05); S7 0.2.1-1(2025-11-14); sass 0.4.10(2025-04-11); ScaledMatrix 1.18.0(2025-10-29); scales 1.4.0(2025-04-24); scatterpie 0.2.6(2025-09-12); selectr 0.5-1(2025-12-17); Seqinfo 1.0.0(2025-10-29); sessioninfo 1.2.3(2025-02-05); shiny 1.13.0(2026-02-20); SingleCellExperiment 1.32.0(2025-10-29); SparseArray 1.10.10(2026-03-30); sparseMatrixStats 1.22.0(2025-10-29); SpatialExperiment 1.20.0(2025-10-29); statmod 1.5.1(2025-10-09); stringi 1.8.7(2025-03-27); stringr 1.6.0(2025-11-04); SummarizedExperiment 1.40.0(2025-10-29); systemfonts 1.3.2(2026-03-05); testthat 3.3.2(2026-01-11); textshaping 1.0.5(2026-03-06); tibble 3.3.1(2026-01-11); tidydr 0.0.6(2025-07-25); tidyr 1.3.2(2025-12-19); tidyselect 1.2.1(2024-03-11); tidytree 0.4.7(2026-01-08); timechange 0.4.0(2026-01-29); treeio 1.34.0(2025-10-30); tweenr 2.0.3(2024-02-26); tzdb 0.5.0(2025-03-15); usethis 3.2.1(2025-09-06); vctrs 0.7.3(2026-04-11); viridis 0.6.5(2024-01-29); viridisLite 0.4.3(2026-02-04); vroom 1.7.1(2026-03-31); whisker 0.4.1(2022-12-05); withr 3.0.2(2024-10-28); xfun 0.57(2026-03-20); XML 3.99-0.23(2026-03-20); xml2 1.5.2(2026-01-17); xtable 1.8-8(2026-02-22); XVector 0.50.0(2025-10-29); yaml 2.3.12(2025-12-10); yulab.utils 0.2.4(2026-02-02); zip 2.3.3(2025-05-13)
[2026-04-19 13:36:26] [INFO]    [OmnipathR] CURL: version: 8.5.0; headers: 8.5.0; ssl_version: OpenSSL/3.0.13; libz_version: 1.3; libssh_version: libssh/0.10.6/openssl/zlib; libidn_version: 2.3.7; host: x86_64-pc-linux-gnu; protocols: dict, file, ftp, ftps, gopher, gophers, http, https, imap, imaps, ldap, ldaps, mqtt, pop3, pop3s, rtmp, rtmpe, rtmps, rtmpt, rtmpte, rtmpts, rtsp, scp, sftp, smb, smbs, smtp, smtps, telnet, tftp; ipv6: TRUE; http2: TRUE; idn: TRUE; url_parser: TRUE
[2026-04-19 13:36:27] [WARN]    [OmnipathR] Accessing `PROGENy` as a static table: this is not the recommended way to access OmniPath data; it is only a backup plan for situations when our server or your computer is experiencing issues.
[2026-04-19 13:36:28] [TRACE]   [OmnipathR] Looking up in cache: `http://no-tls.static.omnipathdb.org/resources/annotations_PROGENy_9606.tsv.gz`
[2026-04-19 13:36:28] [INFO]    [OmnipathR] Cache record does not exist: `http://no-tls.static.omnipathdb.org/resources/annotations_PROGENy_9606.tsv.gz`
[2026-04-19 13:36:28] [TRACE]   [OmnipathR] Attempting `http://no-tls.static.omnipathdb.org/resources/annotations_PROGENy_9606.tsv.gz`
[2026-04-19 13:36:28] [INFO]    [OmnipathR] Retrieving URL: `http://no-tls.static.omnipathdb.org/resources/annotations_PROGENy_9606.tsv.gz`
[2026-04-19 13:36:28] [TRACE]   [OmnipathR] Attempt 1/3: `http://no-tls.static.omnipathdb.org/resources/annotations_PROGENy_9606.tsv.gz`
[2026-04-19 13:36:31] [INFO]    [OmnipathR] Successfully retrieved: `http://no-tls.static.omnipathdb.org/resources/annotations_PROGENy_9606.tsv.gz`
[2026-04-19 13:36:31] [TRACE]   [OmnipathR] Reading JSON from `/home/runner/.cache/OmnipathR/cache.json` (encoding: UTF-8).
[2026-04-19 13:36:31] [TRACE]   [OmnipathR] JSON validation successful: TRUE
[2026-04-19 13:36:31] [TRACE]   [OmnipathR] Reading JSON from `/home/runner/.cache/OmnipathR/cache.json` (encoding: UTF-8).
[2026-04-19 13:36:31] [TRACE]   [OmnipathR] JSON validation successful: TRUE
[2026-04-19 13:36:31] [INFO]    [OmnipathR] Cache item `103f85125e0134e3d65e4e63d22c339270d103e8` version 1: status changed from `unknown` to `started`.
[2026-04-19 13:36:31] [TRACE]   [OmnipathR] Exporting object to RDS: `/home/runner/.cache/OmnipathR/103f85125e0134e3d65e4e63d22c339270d103e8-1.rds`.
[2026-04-19 13:36:33] [TRACE]   [OmnipathR] Exported RDS to `/home/runner/.cache/OmnipathR/103f85125e0134e3d65e4e63d22c339270d103e8-1.rds`.
[2026-04-19 13:36:33] [INFO]    [OmnipathR] Download ready [key=103f85125e0134e3d65e4e63d22c339270d103e8, version=1]
[2026-04-19 13:36:33] [TRACE]   [OmnipathR] Reading JSON from `/home/runner/.cache/OmnipathR/cache.json` (encoding: UTF-8).
[2026-04-19 13:36:33] [TRACE]   [OmnipathR] JSON validation successful: TRUE
[2026-04-19 13:36:33] [INFO]    [OmnipathR] Cache item `103f85125e0134e3d65e4e63d22c339270d103e8` version 1: status changed from `started` to `ready`.
[2026-04-19 13:36:33] [SUCCESS] [OmnipathR] Downloaded 700239 annotation records.
[2026-04-19 13:36:38] [INFO]    [OmnipathR] Loading database `Ensembl and OMA organism names`.
[2026-04-19 13:36:38] [TRACE]   [OmnipathR] Checking on-disk cache for database `organisms`.
[2026-04-19 13:36:38] [INFO]    [OmnipathR] Cache record does not exist: `db://organisms`
[2026-04-19 13:36:38] [TRACE]   [OmnipathR] Loading database `organisms` from source.
[2026-04-19 13:36:38] [INFO]    [OmnipathR] Looking up in cache `https://www.ensembl.org/info/about/species.html`: key=7332486db7400730697234bad76ca0c8e4d00799, latest version=1.
[2026-04-19 13:36:38] [TRACE]   [OmnipathR] Cache file path: /home/runner/.cache/OmnipathR/7332486db7400730697234bad76ca0c8e4d00799-1.html
[2026-04-19 13:36:38] [TRACE]   [OmnipathR] Downloading by `generic_downloader`.
[2026-04-19 13:36:38] [TRACE]   [OmnipathR] Looking up in cache: `https://omabrowser.org/All/oma-species.txt`.
[2026-04-19 13:36:38] [TRACE]   [OmnipathR] Loaded data from RDS `/home/runner/.cache/OmnipathR/30e690cbb55dfc63b5903ab337f34ffc2f4be397-1.rds`.
[2026-04-19 13:36:38] [TRACE]   [OmnipathR] Downloading by `generic_downloader`.
[2026-04-19 13:36:38] [TRACE]   [OmnipathR] Looking up in cache: `https://ftp.expasy.org/databases/uniprot/current_release/knowledgebase/complete/docs/speclist.txt`.
[2026-04-19 13:36:38] [INFO]    [OmnipathR] No version is available for key `56ad6544dc07a2222fa6013d8d83e6e5a35fdf33` (https://ftp.expasy.org/databases/uniprot/current_release/knowledgebase/complete/docs/speclist.txt).
[2026-04-19 13:36:38] [TRACE]   [OmnipathR] Could not find in cache, initiating download: `https://ftp.expasy.org/databases/uniprot/current_release/knowledgebase/complete/docs/speclist.txt`.
[2026-04-19 13:36:38] [TRACE]   [OmnipathR] Reading JSON from `/home/runner/.cache/OmnipathR/cache.json` (encoding: UTF-8).
[2026-04-19 13:36:38] [TRACE]   [OmnipathR] JSON validation successful: TRUE
[2026-04-19 13:36:38] [INFO]    [OmnipathR] Cache item `56ad6544dc07a2222fa6013d8d83e6e5a35fdf33` version 3: status changed from `unknown` to `started`.
[2026-04-19 13:36:38] [TRACE]   [OmnipathR] Exporting object to RDS: `/home/runner/.cache/OmnipathR/56ad6544dc07a2222fa6013d8d83e6e5a35fdf33-3.rds`.
[2026-04-19 13:36:38] [INFO]    [OmnipathR] Retrieving URL: `https://ftp.expasy.org/databases/uniprot/current_release/knowledgebase/complete/docs/speclist.txt`
[2026-04-19 13:36:38] [TRACE]   [OmnipathR] Attempt 1/3: `https://ftp.expasy.org/databases/uniprot/current_release/knowledgebase/complete/docs/speclist.txt`
[2026-04-19 13:37:38] [WARN]    [OmnipathR] Failed to download `https://ftp.expasy.org/databases/uniprot/current_release/knowledgebase/complete/docs/speclist.txt` (attempt 1/3); error: cannot open the connection to 'https://ftp.expasy.org/databases/uniprot/current_release/knowledgebase/complete/docs/speclist.txt'
[2026-04-19 13:37:43] [TRACE]   [OmnipathR] Attempt 2/3: `https://ftp.expasy.org/databases/uniprot/current_release/knowledgebase/complete/docs/speclist.txt`
[2026-04-19 13:38:43] [WARN]    [OmnipathR] Failed to download `https://ftp.expasy.org/databases/uniprot/current_release/knowledgebase/complete/docs/speclist.txt` (attempt 2/3); error: cannot open the connection to 'https://ftp.expasy.org/databases/uniprot/current_release/knowledgebase/complete/docs/speclist.txt'
[2026-04-19 13:38:48] [TRACE]   [OmnipathR] Attempt 3/3: `https://ftp.expasy.org/databases/uniprot/current_release/knowledgebase/complete/docs/speclist.txt`
[2026-04-19 13:39:48] [ERROR]   [OmnipathR] Failed to download `https://ftp.expasy.org/databases/uniprot/current_release/knowledgebase/complete/docs/speclist.txt` (attempt 3/3); error: cannot open the connection to 'https://ftp.expasy.org/databases/uniprot/current_release/knowledgebase/complete/docs/speclist.txt'
[2026-04-19 13:39:48] [INFO]    [OmnipathR] Package `OmnipathR` packaged: 2026-04-19 13:20:07 UTC; runner
[2026-04-19 13:39:48] [INFO]    [OmnipathR] Package `OmnipathR` date/publication: NA
[2026-04-19 13:39:48] [INFO]    [OmnipathR] Package `OmnipathR` built: R 4.5.3; ; 2026-04-19 13:20:09 UTC; unix
[2026-04-19 13:39:48] [INFO]    [OmnipathR] Package `OmnipathR` version: 3.19.11
[2026-04-19 13:39:48] [INFO]    [OmnipathR] Package `OmnipathR` repository: NA
[2026-04-19 13:39:48] [INFO]    [OmnipathR] Session info: [version=R version 4.5.3 (2026-03-11); os=Ubuntu 24.04.4 LTS; system=x86_64, linux-gnu; ui=X11; language=en; collate=C; ctype=C.UTF-8; tz=UTC; date=2026-04-19; pandoc=3.1.11 @ /opt/hostedtoolcache/pandoc/3.1.11/x64/ (via rmarkdown); quarto=NA]
[2026-04-19 13:39:48] [INFO]    [OmnipathR] External libraries: [cairo=1.18.0; cairoFT=; pango=1.52.1; png=1.6.43; jpeg=8.0; tiff=LIBTIFF, Version 4.5.1; tcl=8.6.14; curl=8.5.0; zlib=1.3; bzlib=1.0.8, 13-Jul-2019; xz=5.4.5; deflate=1.19; PCRE=10.42 2022-12-11; ICU=74.2; TRE=TRE 0.8.0 R_fixes (BSD); iconv=glibc 2.39; readline=8.2; BLAS=/usr/lib/x86_64-linux-gnu/openblas-pthread/libblas.so.3; lapack=/usr/lib/x86_64-linux-gnu/openblas-pthread/libopenblasp-r0.3.26.so; lapack_version=3.12.0]
[2026-04-19 13:39:49] [INFO]    [OmnipathR] Loaded packages: abind 1.4-8(2024-09-12); ADImpute 1.20.0(2025-10-29); annotate 1.88.0(2025-10-29); AnnotationDbi 1.72.0(2025-10-29); ape 5.8-1(2024-12-16); aplot 0.2.9(2025-09-12); askpass 1.2.1(2024-10-04); assertthat 0.2.1(2019-03-21); babelgene 22.9(2022-09-29); backports 1.5.1(2026-04-03); base64enc 0.1-6(2026-02-02); beachmat 2.26.0(2025-10-29); Biobase 2.70.0(2025-10-29); BiocGenerics 0.56.0(2025-10-29); BiocParallel 1.44.0(2025-10-29); BiocSingular 1.26.1(2025-11-17); Biostrings 2.78.0(2025-10-29); bit 4.6.0(2025-03-06); bit64 4.6.0-1(2025-01-16); bitops 1.0-9(2024-10-03); blob 1.3.0(2026-01-14); brio 1.1.5(2024-04-24); broom 1.0.12(2026-01-27); bslib 0.10.0(2026-01-26); cachem 1.1.0(2024-05-16); car 3.1-5(2026-02-03); carData 3.0-6(2026-01-30); caTools 1.18.3(2024-09-04); cellranger 1.1.0(2016-07-27); CellTFusion 0.0.0.9000(2026-04-19); checkmate 2.3.4(2026-02-03); cli 3.6.6(2026-04-09); cluster 2.1.8.2(2026-02-05); clusterProfiler 4.18.4(2025-12-15); codetools 0.2-20(2024-03-31); colorspace 2.1-2(2025-09-22); cowplot 1.2.0(2025-07-07); crayon 1.5.3(2024-06-20); curl 7.0.0(2025-08-19); data.table 1.18.2.1(2026-01-27); DBI 1.3.0(2026-02-25); decoupleR 2.16.0(2025-10-29); DelayedArray 0.36.1(2026-03-31); dendextend 1.19.1(2025-07-15); desc 1.4.3(2023-12-10); devtools 2.5.1(2026-04-16); digest 0.6.39(2025-11-19); doParallel 1.0.17(2022-02-07); DOSE 4.4.0(2025-10-29); downlit 0.4.5(2025-11-14); dplyr 1.2.1(2026-04-03); dynamicTreeCut 1.63-1(2016-03-11); ellipsis 0.3.3(2026-04-04); enrichplot 1.30.5(2026-03-02); evaluate 1.0.5(2025-08-27); factoextra 2.0.0(2026-03-03); fansi 1.0.7(2025-11-19); farver 2.1.2(2024-05-13); fastcluster 1.3.0(2025-05-07); fastmap 1.2.0(2024-05-15); fastmatch 1.1-8(2026-01-17); fgsea 1.36.2(2026-01-05); fontawesome 0.5.3(2024-11-16); fontBitstreamVera 0.1.1(2017-02-01); fontLiberation 0.1.0(2016-10-15); fontquiver 0.2.1(2017-02-01); foreach 1.5.2(2022-02-02); foreign 0.8-91(2026-01-29); Formula 1.2-5(2023-02-24); fs 2.1.0(2026-04-18); gdtools 0.5.0(2026-02-09); generics 0.1.4(2025-05-09); GenomicRanges 1.62.1(2025-12-08); ggforce 0.5.0(2025-06-18); ggfun 0.2.0(2025-07-15); ggiraph 0.9.6(2026-02-21); ggnewscale 0.5.2(2025-06-20); ggplot2 4.0.2(2026-02-03); ggplotify 0.1.3(2025-09-20); ggpubr 0.6.3(2026-02-24); ggrepel 0.9.8(2026-03-17); ggsignif 0.6.4(2022-10-13); ggtangle 0.1.1(2026-01-16); ggtree 4.1.2(2026-04-19); gitcreds 0.1.2(2022-09-08); glue 1.8.1(2026-04-17); GO.db 3.22.0(2026-04-19); GOSemSim 2.36.0(2025-10-29); gplots 3.3.0(2025-11-30); graph 1.88.1(2025-12-08); gridExtra 2.3(2017-09-09); gridGraphics 0.5-1(2020-12-13); GSEABase 1.72.0(2025-10-29); gson 0.1.0(2023-03-07); GSVA 2.4.9(2026-04-07); gtable 0.3.6(2024-10-25); gtools 3.9.5(2023-11-20); h5mread 1.2.1(2025-11-25); HDF5Array 1.38.0(2025-10-29); Hmisc 5.2-5(2026-01-09); hms 1.1.4(2025-10-17); htmlTable 2.4.3(2024-07-21); htmltools 0.5.9(2025-12-04); htmlwidgets 1.6.4(2023-12-06); httpuv 1.6.17(2026-03-18); httr 1.4.8(2026-02-13); httr2 1.2.2(2025-12-08); igraph 2.2.3(2026-04-07); impute 1.84.0(2025-10-29); IRanges 2.44.0(2025-10-29); irlba 2.3.7(2026-01-30); iterators 1.0.14(2022-02-05); jquerylib 0.1.4(2021-04-26); jsonlite 2.0.0(2025-03-27); KEGGREST 1.50.0(2025-10-29); KernSmooth 2.23-26(2025-01-01); knitr 1.51(2025-12-20); later 1.4.8(2026-03-05); lattice 0.22-9(2026-02-09); lazyeval 0.2.3(2026-04-04); lifecycle 1.0.5(2026-01-08); limma 3.66.0(2025-10-29); logger 0.4.1(2025-09-11); lubridate 1.9.5(2026-02-04); magick 2.9.1(2026-02-28); magrittr 2.0.5(2026-04-04); MASS 7.3-65(2025-02-28); Matrix 1.7-4(2025-08-28); MatrixGenerics 1.22.0(2025-10-29); matrixStats 1.5.0(2025-01-07); memoise 2.0.1(2021-11-26); memuse 4.2-3(2023-01-24); mime 0.13(2025-03-17); msigdbr 26.1.0(2026-03-12); multideconv 0.0.1(2026-04-19); nlme 3.1-168(2025-03-31); nnet 7.3-20(2025-01-01); nnls 1.6(2024-10-23); OmnipathR 3.19.11(2026-04-19); openssl 2.4.0(2026-04-15); org.Hs.eg.db 3.22.0(2026-04-19); otel 0.2.0(2025-08-29); pak 0.9.4(2026-04-17); parallelly 1.47.0(2026-04-17); patchwork 1.3.2(2025-08-25); pcaMethods 2.2.0(2025-10-29); pheatmap 1.0.13(2025-06-05); pillar 1.11.1(2025-09-17); pkgbuild 1.4.8(2025-05-26); pkgconfig 2.0.3(2019-09-22); pkgdown 2.2.0(2025-11-06); pkgload 1.5.1(2026-04-01); plyr 1.8.9(2023-10-02); png 0.1-9(2026-03-15); polyclip 1.10-7(2024-07-23); preprocessCore 1.72.0(2025-10-29); prettyunits 1.2.0(2023-09-24); progress 1.2.3(2023-12-06); promises 1.5.0(2025-11-01); purrr 1.2.2(2026-04-10); qvalue 2.42.0(2025-10-29); R.methodsS3 1.8.2(2022-06-13); R.oo 1.27.1(2025-05-02); R.utils 2.13.0(2025-02-24); R6 2.6.1(2025-02-15); ragg 1.5.2(2026-03-23); rappdirs 0.3.4(2026-01-17); RColorBrewer 1.1-3(2022-04-03); Rcpp 1.1.1-1(2026-04-16); readr 2.2.0(2026-02-19); readxl 1.4.5(2025-03-07); reshape2 1.4.5(2025-11-12); rhdf5 2.54.1(2025-12-04); rhdf5filters 1.22.0(2025-10-29); Rhdf5lib 1.32.0(2025-10-29); rjson 0.2.23(2024-09-16); rlang 1.2.0(2026-04-06); rmarkdown 2.31(2026-03-26); rpart 4.1.24(2025-01-07); RSQLite 2.4.6(2026-02-06); rstatix 0.7.3(2025-10-18); rstudioapi 0.18.0(2026-01-16); rsvd 1.0.5(2021-04-16); rvest 1.0.5(2025-08-29); S4Arrays 1.10.1(2025-12-01); S4Vectors 0.48.1(2026-04-05); S7 0.2.1-1(2025-11-14); sass 0.4.10(2025-04-11); ScaledMatrix 1.18.0(2025-10-29); scales 1.4.0(2025-04-24); scatterpie 0.2.6(2025-09-12); selectr 0.5-1(2025-12-17); Seqinfo 1.0.0(2025-10-29); sessioninfo 1.2.3(2025-02-05); shiny 1.13.0(2026-02-20); SingleCellExperiment 1.32.0(2025-10-29); SparseArray 1.10.10(2026-03-30); sparseMatrixStats 1.22.0(2025-10-29); SpatialExperiment 1.20.0(2025-10-29); statmod 1.5.1(2025-10-09); stringi 1.8.7(2025-03-27); stringr 1.6.0(2025-11-04); SummarizedExperiment 1.40.0(2025-10-29); survival 3.8-6(2026-01-16); systemfonts 1.3.2(2026-03-05); testthat 3.3.2(2026-01-11); textshaping 1.0.5(2026-03-06); tibble 3.3.1(2026-01-11); tidydr 0.0.6(2025-07-25); tidyr 1.3.2(2025-12-19); tidyselect 1.2.1(2024-03-11); tidytree 0.4.7(2026-01-08); timechange 0.4.0(2026-01-29); treeio 1.34.0(2025-10-30); tweenr 2.0.3(2024-02-26); tzdb 0.5.0(2025-03-15); usethis 3.2.1(2025-09-06); vctrs 0.7.3(2026-04-11); viridis 0.6.5(2024-01-29); viridisLite 0.4.3(2026-02-04); vroom 1.7.1(2026-03-31); WGCNA 1.74(2026-01-30); whisker 0.4.1(2022-12-05); withr 3.0.2(2024-10-28); xfun 0.57(2026-03-20); XML 3.99-0.23(2026-03-20); xml2 1.5.2(2026-01-17); xtable 1.8-8(2026-02-22); XVector 0.50.0(2025-10-29); yaml 2.3.12(2025-12-10); yulab.utils 0.2.4(2026-02-02); zip 2.3.3(2025-05-13)
[2026-04-19 13:39:49] [INFO]    [OmnipathR] CURL: version: 8.5.0; headers: 8.5.0; ssl_version: OpenSSL/3.0.13; libz_version: 1.3; libssh_version: libssh/0.10.6/openssl/zlib; libidn_version: 2.3.7; host: x86_64-pc-linux-gnu; protocols: dict, file, ftp, ftps, gopher, gophers, http, https, imap, imaps, ldap, ldaps, mqtt, pop3, pop3s, rtmp, rtmpe, rtmps, rtmpt, rtmpte, rtmpts, rtsp, scp, sftp, smb, smbs, smtp, smtps, telnet, tftp; ipv6: TRUE; http2: TRUE; idn: TRUE; url_parser: TRUE
[2026-04-19 13:39:50] [TRACE]   [OmnipathR] Processing args for OmniPath query
[2026-04-19 13:39:50] [TRACE]   [OmnipathR] Arguments for OmniPath query: [loops=TRUE,organisms=9606,genesymbols=TRUE,query_type=interactions,datasets=collectri]
[2026-04-19 13:39:50] [TRACE]   [OmnipathR] Param in `omnipath_query`: [query_type=interactions,organism=9606,resources=<NULL>,datasets=collectri,types=<NULL>,genesymbols=TRUE,fields=<NULL>,default_fields=TRUE,silent=FALSE,logicals=<NULL>,download_args=[],format=data.frame,references_by_resource=TRUE,add_counts=TRUE,license=<NULL>,password=<NULL>,exclude=<NULL>,json_param=[],strict_evidences=FALSE,genesymbol_resource=UniProt,cache=TRUE]
[2026-04-19 13:39:50] [INFO]    [OmnipathR] Loading database `Ensembl and OMA organism names`.
[2026-04-19 13:39:50] [TRACE]   [OmnipathR] Checking on-disk cache for database `organisms`.
[2026-04-19 13:39:50] [INFO]    [OmnipathR] Cache record does not exist: `db://organisms`
[2026-04-19 13:39:50] [TRACE]   [OmnipathR] Loading database `organisms` from source.
[2026-04-19 13:39:50] [INFO]    [OmnipathR] Looking up in cache `https://www.ensembl.org/info/about/species.html`: key=7332486db7400730697234bad76ca0c8e4d00799, latest version=1.
[2026-04-19 13:39:50] [TRACE]   [OmnipathR] Cache file path: /home/runner/.cache/OmnipathR/7332486db7400730697234bad76ca0c8e4d00799-1.html
[2026-04-19 13:39:50] [TRACE]   [OmnipathR] Downloading by `generic_downloader`.
[2026-04-19 13:39:50] [TRACE]   [OmnipathR] Looking up in cache: `https://omabrowser.org/All/oma-species.txt`.
[2026-04-19 13:39:50] [TRACE]   [OmnipathR] Loaded data from RDS `/home/runner/.cache/OmnipathR/30e690cbb55dfc63b5903ab337f34ffc2f4be397-1.rds`.
[2026-04-19 13:39:50] [TRACE]   [OmnipathR] Downloading by `generic_downloader`.
[2026-04-19 13:39:50] [TRACE]   [OmnipathR] Looking up in cache: `https://ftp.expasy.org/databases/uniprot/current_release/knowledgebase/complete/docs/speclist.txt`.
[2026-04-19 13:39:50] [INFO]    [OmnipathR] No version is available for key `56ad6544dc07a2222fa6013d8d83e6e5a35fdf33` (https://ftp.expasy.org/databases/uniprot/current_release/knowledgebase/complete/docs/speclist.txt).
[2026-04-19 13:39:50] [TRACE]   [OmnipathR] Could not find in cache, initiating download: `https://ftp.expasy.org/databases/uniprot/current_release/knowledgebase/complete/docs/speclist.txt`.
[2026-04-19 13:39:50] [TRACE]   [OmnipathR] Reading JSON from `/home/runner/.cache/OmnipathR/cache.json` (encoding: UTF-8).
[2026-04-19 13:39:50] [TRACE]   [OmnipathR] JSON validation successful: TRUE
[2026-04-19 13:39:50] [INFO]    [OmnipathR] Cache item `56ad6544dc07a2222fa6013d8d83e6e5a35fdf33` version 4: status changed from `unknown` to `started`.
[2026-04-19 13:39:50] [TRACE]   [OmnipathR] Exporting object to RDS: `/home/runner/.cache/OmnipathR/56ad6544dc07a2222fa6013d8d83e6e5a35fdf33-4.rds`.
[2026-04-19 13:39:50] [INFO]    [OmnipathR] Retrieving URL: `https://ftp.expasy.org/databases/uniprot/current_release/knowledgebase/complete/docs/speclist.txt`
[2026-04-19 13:39:50] [TRACE]   [OmnipathR] Attempt 1/3: `https://ftp.expasy.org/databases/uniprot/current_release/knowledgebase/complete/docs/speclist.txt`
[2026-04-19 13:40:50] [WARN]    [OmnipathR] Failed to download `https://ftp.expasy.org/databases/uniprot/current_release/knowledgebase/complete/docs/speclist.txt` (attempt 1/3); error: cannot open the connection to 'https://ftp.expasy.org/databases/uniprot/current_release/knowledgebase/complete/docs/speclist.txt'
[2026-04-19 13:40:55] [TRACE]   [OmnipathR] Attempt 2/3: `https://ftp.expasy.org/databases/uniprot/current_release/knowledgebase/complete/docs/speclist.txt`
[2026-04-19 13:41:55] [WARN]    [OmnipathR] Failed to download `https://ftp.expasy.org/databases/uniprot/current_release/knowledgebase/complete/docs/speclist.txt` (attempt 2/3); error: cannot open the connection to 'https://ftp.expasy.org/databases/uniprot/current_release/knowledgebase/complete/docs/speclist.txt'
[2026-04-19 13:42:00] [TRACE]   [OmnipathR] Attempt 3/3: `https://ftp.expasy.org/databases/uniprot/current_release/knowledgebase/complete/docs/speclist.txt`
[2026-04-19 13:43:00] [ERROR]   [OmnipathR] Failed to download `https://ftp.expasy.org/databases/uniprot/current_release/knowledgebase/complete/docs/speclist.txt` (attempt 3/3); error: cannot open the connection to 'https://ftp.expasy.org/databases/uniprot/current_release/knowledgebase/complete/docs/speclist.txt'
[2026-04-19 13:43:00] [INFO]    [OmnipathR] Package `OmnipathR` packaged: 2026-04-19 13:20:07 UTC; runner
[2026-04-19 13:43:00] [INFO]    [OmnipathR] Package `OmnipathR` date/publication: NA
[2026-04-19 13:43:00] [INFO]    [OmnipathR] Package `OmnipathR` built: R 4.5.3; ; 2026-04-19 13:20:09 UTC; unix
[2026-04-19 13:43:00] [INFO]    [OmnipathR] Package `OmnipathR` version: 3.19.11
[2026-04-19 13:43:00] [INFO]    [OmnipathR] Package `OmnipathR` repository: NA
[2026-04-19 13:43:00] [INFO]    [OmnipathR] Session info: [version=R version 4.5.3 (2026-03-11); os=Ubuntu 24.04.4 LTS; system=x86_64, linux-gnu; ui=X11; language=en; collate=C; ctype=C.UTF-8; tz=UTC; date=2026-04-19; pandoc=3.1.11 @ /opt/hostedtoolcache/pandoc/3.1.11/x64/ (via rmarkdown); quarto=NA]
[2026-04-19 13:43:00] [INFO]    [OmnipathR] External libraries: [cairo=1.18.0; cairoFT=; pango=1.52.1; png=1.6.43; jpeg=8.0; tiff=LIBTIFF, Version 4.5.1; tcl=8.6.14; curl=8.5.0; zlib=1.3; bzlib=1.0.8, 13-Jul-2019; xz=5.4.5; deflate=1.19; PCRE=10.42 2022-12-11; ICU=74.2; TRE=TRE 0.8.0 R_fixes (BSD); iconv=glibc 2.39; readline=8.2; BLAS=/usr/lib/x86_64-linux-gnu/openblas-pthread/libblas.so.3; lapack=/usr/lib/x86_64-linux-gnu/openblas-pthread/libopenblasp-r0.3.26.so; lapack_version=3.12.0]
[2026-04-19 13:43:01] [INFO]    [OmnipathR] Loaded packages: abind 1.4-8(2024-09-12); ADImpute 1.20.0(2025-10-29); annotate 1.88.0(2025-10-29); AnnotationDbi 1.72.0(2025-10-29); ape 5.8-1(2024-12-16); aplot 0.2.9(2025-09-12); askpass 1.2.1(2024-10-04); assertthat 0.2.1(2019-03-21); babelgene 22.9(2022-09-29); backports 1.5.1(2026-04-03); base64enc 0.1-6(2026-02-02); beachmat 2.26.0(2025-10-29); Biobase 2.70.0(2025-10-29); BiocGenerics 0.56.0(2025-10-29); BiocParallel 1.44.0(2025-10-29); BiocSingular 1.26.1(2025-11-17); Biostrings 2.78.0(2025-10-29); bit 4.6.0(2025-03-06); bit64 4.6.0-1(2025-01-16); bitops 1.0-9(2024-10-03); blob 1.3.0(2026-01-14); brio 1.1.5(2024-04-24); broom 1.0.12(2026-01-27); bslib 0.10.0(2026-01-26); cachem 1.1.0(2024-05-16); car 3.1-5(2026-02-03); carData 3.0-6(2026-01-30); caTools 1.18.3(2024-09-04); cellranger 1.1.0(2016-07-27); CellTFusion 0.0.0.9000(2026-04-19); checkmate 2.3.4(2026-02-03); cli 3.6.6(2026-04-09); cluster 2.1.8.2(2026-02-05); clusterProfiler 4.18.4(2025-12-15); codetools 0.2-20(2024-03-31); colorspace 2.1-2(2025-09-22); cowplot 1.2.0(2025-07-07); crayon 1.5.3(2024-06-20); curl 7.0.0(2025-08-19); data.table 1.18.2.1(2026-01-27); DBI 1.3.0(2026-02-25); decoupleR 2.16.0(2025-10-29); DelayedArray 0.36.1(2026-03-31); dendextend 1.19.1(2025-07-15); desc 1.4.3(2023-12-10); devtools 2.5.1(2026-04-16); digest 0.6.39(2025-11-19); doParallel 1.0.17(2022-02-07); DOSE 4.4.0(2025-10-29); downlit 0.4.5(2025-11-14); dplyr 1.2.1(2026-04-03); dynamicTreeCut 1.63-1(2016-03-11); ellipsis 0.3.3(2026-04-04); enrichplot 1.30.5(2026-03-02); evaluate 1.0.5(2025-08-27); factoextra 2.0.0(2026-03-03); fansi 1.0.7(2025-11-19); farver 2.1.2(2024-05-13); fastcluster 1.3.0(2025-05-07); fastmap 1.2.0(2024-05-15); fastmatch 1.1-8(2026-01-17); fgsea 1.36.2(2026-01-05); fontawesome 0.5.3(2024-11-16); fontBitstreamVera 0.1.1(2017-02-01); fontLiberation 0.1.0(2016-10-15); fontquiver 0.2.1(2017-02-01); foreach 1.5.2(2022-02-02); foreign 0.8-91(2026-01-29); Formula 1.2-5(2023-02-24); fs 2.1.0(2026-04-18); gdtools 0.5.0(2026-02-09); generics 0.1.4(2025-05-09); GenomicRanges 1.62.1(2025-12-08); ggforce 0.5.0(2025-06-18); ggfun 0.2.0(2025-07-15); ggiraph 0.9.6(2026-02-21); ggnewscale 0.5.2(2025-06-20); ggplot2 4.0.2(2026-02-03); ggplotify 0.1.3(2025-09-20); ggpubr 0.6.3(2026-02-24); ggrepel 0.9.8(2026-03-17); ggsignif 0.6.4(2022-10-13); ggtangle 0.1.1(2026-01-16); ggtree 4.1.2(2026-04-19); gitcreds 0.1.2(2022-09-08); glue 1.8.1(2026-04-17); GO.db 3.22.0(2026-04-19); GOSemSim 2.36.0(2025-10-29); gplots 3.3.0(2025-11-30); graph 1.88.1(2025-12-08); gridExtra 2.3(2017-09-09); gridGraphics 0.5-1(2020-12-13); GSEABase 1.72.0(2025-10-29); gson 0.1.0(2023-03-07); GSVA 2.4.9(2026-04-07); gtable 0.3.6(2024-10-25); gtools 3.9.5(2023-11-20); h5mread 1.2.1(2025-11-25); HDF5Array 1.38.0(2025-10-29); Hmisc 5.2-5(2026-01-09); hms 1.1.4(2025-10-17); htmlTable 2.4.3(2024-07-21); htmltools 0.5.9(2025-12-04); htmlwidgets 1.6.4(2023-12-06); httpuv 1.6.17(2026-03-18); httr 1.4.8(2026-02-13); httr2 1.2.2(2025-12-08); igraph 2.2.3(2026-04-07); impute 1.84.0(2025-10-29); IRanges 2.44.0(2025-10-29); irlba 2.3.7(2026-01-30); iterators 1.0.14(2022-02-05); jquerylib 0.1.4(2021-04-26); jsonlite 2.0.0(2025-03-27); KEGGREST 1.50.0(2025-10-29); KernSmooth 2.23-26(2025-01-01); knitr 1.51(2025-12-20); later 1.4.8(2026-03-05); lattice 0.22-9(2026-02-09); lazyeval 0.2.3(2026-04-04); lifecycle 1.0.5(2026-01-08); limma 3.66.0(2025-10-29); logger 0.4.1(2025-09-11); lubridate 1.9.5(2026-02-04); magick 2.9.1(2026-02-28); magrittr 2.0.5(2026-04-04); MASS 7.3-65(2025-02-28); Matrix 1.7-4(2025-08-28); MatrixGenerics 1.22.0(2025-10-29); matrixStats 1.5.0(2025-01-07); memoise 2.0.1(2021-11-26); memuse 4.2-3(2023-01-24); mime 0.13(2025-03-17); msigdbr 26.1.0(2026-03-12); multideconv 0.0.1(2026-04-19); nlme 3.1-168(2025-03-31); nnet 7.3-20(2025-01-01); nnls 1.6(2024-10-23); OmnipathR 3.19.11(2026-04-19); openssl 2.4.0(2026-04-15); org.Hs.eg.db 3.22.0(2026-04-19); otel 0.2.0(2025-08-29); pak 0.9.4(2026-04-17); parallelly 1.47.0(2026-04-17); patchwork 1.3.2(2025-08-25); pcaMethods 2.2.0(2025-10-29); pheatmap 1.0.13(2025-06-05); pillar 1.11.1(2025-09-17); pkgbuild 1.4.8(2025-05-26); pkgconfig 2.0.3(2019-09-22); pkgdown 2.2.0(2025-11-06); pkgload 1.5.1(2026-04-01); plyr 1.8.9(2023-10-02); png 0.1-9(2026-03-15); polyclip 1.10-7(2024-07-23); preprocessCore 1.72.0(2025-10-29); prettyunits 1.2.0(2023-09-24); progress 1.2.3(2023-12-06); promises 1.5.0(2025-11-01); purrr 1.2.2(2026-04-10); qvalue 2.42.0(2025-10-29); R.methodsS3 1.8.2(2022-06-13); R.oo 1.27.1(2025-05-02); R.utils 2.13.0(2025-02-24); R6 2.6.1(2025-02-15); ragg 1.5.2(2026-03-23); rappdirs 0.3.4(2026-01-17); RColorBrewer 1.1-3(2022-04-03); Rcpp 1.1.1-1(2026-04-16); readr 2.2.0(2026-02-19); readxl 1.4.5(2025-03-07); reshape2 1.4.5(2025-11-12); rhdf5 2.54.1(2025-12-04); rhdf5filters 1.22.0(2025-10-29); Rhdf5lib 1.32.0(2025-10-29); rjson 0.2.23(2024-09-16); rlang 1.2.0(2026-04-06); rmarkdown 2.31(2026-03-26); rpart 4.1.24(2025-01-07); RSQLite 2.4.6(2026-02-06); rstatix 0.7.3(2025-10-18); rstudioapi 0.18.0(2026-01-16); rsvd 1.0.5(2021-04-16); rvest 1.0.5(2025-08-29); S4Arrays 1.10.1(2025-12-01); S4Vectors 0.48.1(2026-04-05); S7 0.2.1-1(2025-11-14); sass 0.4.10(2025-04-11); ScaledMatrix 1.18.0(2025-10-29); scales 1.4.0(2025-04-24); scatterpie 0.2.6(2025-09-12); selectr 0.5-1(2025-12-17); Seqinfo 1.0.0(2025-10-29); sessioninfo 1.2.3(2025-02-05); shiny 1.13.0(2026-02-20); SingleCellExperiment 1.32.0(2025-10-29); SparseArray 1.10.10(2026-03-30); sparseMatrixStats 1.22.0(2025-10-29); SpatialExperiment 1.20.0(2025-10-29); statmod 1.5.1(2025-10-09); stringi 1.8.7(2025-03-27); stringr 1.6.0(2025-11-04); SummarizedExperiment 1.40.0(2025-10-29); survival 3.8-6(2026-01-16); systemfonts 1.3.2(2026-03-05); testthat 3.3.2(2026-01-11); textshaping 1.0.5(2026-03-06); tibble 3.3.1(2026-01-11); tidydr 0.0.6(2025-07-25); tidyr 1.3.2(2025-12-19); tidyselect 1.2.1(2024-03-11); tidytree 0.4.7(2026-01-08); timechange 0.4.0(2026-01-29); treeio 1.34.0(2025-10-30); tweenr 2.0.3(2024-02-26); tzdb 0.5.0(2025-03-15); usethis 3.2.1(2025-09-06); vctrs 0.7.3(2026-04-11); viridis 0.6.5(2024-01-29); viridisLite 0.4.3(2026-02-04); vroom 1.7.1(2026-03-31); WGCNA 1.74(2026-01-30); whisker 0.4.1(2022-12-05); withr 3.0.2(2024-10-28); xfun 0.57(2026-03-20); XML 3.99-0.23(2026-03-20); xml2 1.5.2(2026-01-17); xtable 1.8-8(2026-02-22); XVector 0.50.0(2025-10-29); yaml 2.3.12(2025-12-10); yulab.utils 0.2.4(2026-02-02); zip 2.3.3(2025-05-13)
[2026-04-19 13:43:01] [INFO]    [OmnipathR] CURL: version: 8.5.0; headers: 8.5.0; ssl_version: OpenSSL/3.0.13; libz_version: 1.3; libssh_version: libssh/0.10.6/openssl/zlib; libidn_version: 2.3.7; host: x86_64-pc-linux-gnu; protocols: dict, file, ftp, ftps, gopher, gophers, http, https, imap, imaps, ldap, ldaps, mqtt, pop3, pop3s, rtmp, rtmpe, rtmps, rtmpt, rtmpte, rtmpts, rtsp, scp, sftp, smb, smbs, smtp, smtps, telnet, tftp; ipv6: TRUE; http2: TRUE; idn: TRUE; url_parser: TRUE
[2026-04-19 13:43:02] [WARN]    [OmnipathR] Accessing `collectri` as a static table: this is not the recommended way to access OmniPath data; it is only a backup plan for situations when our server or your computer is experiencing issues.
[2026-04-19 13:43:02] [TRACE]   [OmnipathR] Looking up in cache: `http://no-tls.static.omnipathdb.org/resources/interactions_collectri_9606.tsv.gz`
[2026-04-19 13:43:02] [INFO]    [OmnipathR] Cache record does not exist: `http://no-tls.static.omnipathdb.org/resources/interactions_collectri_9606.tsv.gz`
[2026-04-19 13:43:02] [TRACE]   [OmnipathR] Attempting `http://no-tls.static.omnipathdb.org/resources/interactions_collectri_9606.tsv.gz`
[2026-04-19 13:43:02] [INFO]    [OmnipathR] Retrieving URL: `http://no-tls.static.omnipathdb.org/resources/interactions_collectri_9606.tsv.gz`
[2026-04-19 13:43:02] [TRACE]   [OmnipathR] Attempt 1/3: `http://no-tls.static.omnipathdb.org/resources/interactions_collectri_9606.tsv.gz`
[2026-04-19 13:43:04] [INFO]    [OmnipathR] Successfully retrieved: `http://no-tls.static.omnipathdb.org/resources/interactions_collectri_9606.tsv.gz`
[2026-04-19 13:43:04] [TRACE]   [OmnipathR] Reading JSON from `/home/runner/.cache/OmnipathR/cache.json` (encoding: UTF-8).
[2026-04-19 13:43:04] [TRACE]   [OmnipathR] JSON validation successful: TRUE
[2026-04-19 13:43:04] [TRACE]   [OmnipathR] Reading JSON from `/home/runner/.cache/OmnipathR/cache.json` (encoding: UTF-8).
[2026-04-19 13:43:04] [TRACE]   [OmnipathR] JSON validation successful: TRUE
[2026-04-19 13:43:04] [INFO]    [OmnipathR] Cache item `a2bbed8b281906d09d7cf983d102402e5de5da8c` version 1: status changed from `unknown` to `started`.
[2026-04-19 13:43:04] [TRACE]   [OmnipathR] Exporting object to RDS: `/home/runner/.cache/OmnipathR/a2bbed8b281906d09d7cf983d102402e5de5da8c-1.rds`.
[2026-04-19 13:43:05] [TRACE]   [OmnipathR] Exported RDS to `/home/runner/.cache/OmnipathR/a2bbed8b281906d09d7cf983d102402e5de5da8c-1.rds`.
[2026-04-19 13:43:05] [INFO]    [OmnipathR] Download ready [key=a2bbed8b281906d09d7cf983d102402e5de5da8c, version=1]
[2026-04-19 13:43:05] [TRACE]   [OmnipathR] Reading JSON from `/home/runner/.cache/OmnipathR/cache.json` (encoding: UTF-8).
[2026-04-19 13:43:05] [TRACE]   [OmnipathR] JSON validation successful: TRUE
[2026-04-19 13:43:05] [INFO]    [OmnipathR] Cache item `a2bbed8b281906d09d7cf983d102402e5de5da8c` version 1: status changed from `started` to `ready`.
[2026-04-19 13:43:05] [TRACE]   [OmnipathR] Converting JSON column `evidences` to list.
[2026-04-19 13:43:10] [TRACE]   [OmnipathR] Restricting interaction records to datasets: collectri; and resources: any
[2026-04-19 13:43:20] [TRACE]   [OmnipathR] Reading JSON from `https://omnipathdb.org/resources` (encoding: UTF-8).
[2026-04-19 13:43:21] [TRACE]   [OmnipathR] JSON validation successful: TRUE
[2026-04-19 13:43:21] [INFO]    [OmnipathR] Loading database `Ensembl and OMA organism names`.
[2026-04-19 13:43:21] [TRACE]   [OmnipathR] Checking on-disk cache for database `organisms`.
[2026-04-19 13:43:21] [INFO]    [OmnipathR] Cache record does not exist: `db://organisms`
[2026-04-19 13:43:21] [TRACE]   [OmnipathR] Loading database `organisms` from source.
[2026-04-19 13:43:21] [INFO]    [OmnipathR] Looking up in cache `https://www.ensembl.org/info/about/species.html`: key=7332486db7400730697234bad76ca0c8e4d00799, latest version=1.
[2026-04-19 13:43:21] [TRACE]   [OmnipathR] Cache file path: /home/runner/.cache/OmnipathR/7332486db7400730697234bad76ca0c8e4d00799-1.html
[2026-04-19 13:43:21] [TRACE]   [OmnipathR] Downloading by `generic_downloader`.
[2026-04-19 13:43:21] [TRACE]   [OmnipathR] Looking up in cache: `https://omabrowser.org/All/oma-species.txt`.
[2026-04-19 13:43:21] [TRACE]   [OmnipathR] Loaded data from RDS `/home/runner/.cache/OmnipathR/30e690cbb55dfc63b5903ab337f34ffc2f4be397-1.rds`.
[2026-04-19 13:43:21] [TRACE]   [OmnipathR] Downloading by `generic_downloader`.
[2026-04-19 13:43:21] [TRACE]   [OmnipathR] Looking up in cache: `https://ftp.expasy.org/databases/uniprot/current_release/knowledgebase/complete/docs/speclist.txt`.
[2026-04-19 13:43:21] [INFO]    [OmnipathR] No version is available for key `56ad6544dc07a2222fa6013d8d83e6e5a35fdf33` (https://ftp.expasy.org/databases/uniprot/current_release/knowledgebase/complete/docs/speclist.txt).
[2026-04-19 13:43:21] [TRACE]   [OmnipathR] Could not find in cache, initiating download: `https://ftp.expasy.org/databases/uniprot/current_release/knowledgebase/complete/docs/speclist.txt`.
[2026-04-19 13:43:21] [TRACE]   [OmnipathR] Reading JSON from `/home/runner/.cache/OmnipathR/cache.json` (encoding: UTF-8).
[2026-04-19 13:43:21] [TRACE]   [OmnipathR] JSON validation successful: TRUE
[2026-04-19 13:43:21] [INFO]    [OmnipathR] Cache item `56ad6544dc07a2222fa6013d8d83e6e5a35fdf33` version 5: status changed from `unknown` to `started`.
[2026-04-19 13:43:21] [TRACE]   [OmnipathR] Exporting object to RDS: `/home/runner/.cache/OmnipathR/56ad6544dc07a2222fa6013d8d83e6e5a35fdf33-5.rds`.
[2026-04-19 13:43:21] [INFO]    [OmnipathR] Retrieving URL: `https://ftp.expasy.org/databases/uniprot/current_release/knowledgebase/complete/docs/speclist.txt`
[2026-04-19 13:43:21] [TRACE]   [OmnipathR] Attempt 1/3: `https://ftp.expasy.org/databases/uniprot/current_release/knowledgebase/complete/docs/speclist.txt`
[2026-04-19 13:44:21] [WARN]    [OmnipathR] Failed to download `https://ftp.expasy.org/databases/uniprot/current_release/knowledgebase/complete/docs/speclist.txt` (attempt 1/3); error: cannot open the connection to 'https://ftp.expasy.org/databases/uniprot/current_release/knowledgebase/complete/docs/speclist.txt'
[2026-04-19 13:44:26] [TRACE]   [OmnipathR] Attempt 2/3: `https://ftp.expasy.org/databases/uniprot/current_release/knowledgebase/complete/docs/speclist.txt`
[2026-04-19 13:45:26] [WARN]    [OmnipathR] Failed to download `https://ftp.expasy.org/databases/uniprot/current_release/knowledgebase/complete/docs/speclist.txt` (attempt 2/3); error: cannot open the connection to 'https://ftp.expasy.org/databases/uniprot/current_release/knowledgebase/complete/docs/speclist.txt'
[2026-04-19 13:45:31] [TRACE]   [OmnipathR] Attempt 3/3: `https://ftp.expasy.org/databases/uniprot/current_release/knowledgebase/complete/docs/speclist.txt`
[2026-04-19 13:46:31] [ERROR]   [OmnipathR] Failed to download `https://ftp.expasy.org/databases/uniprot/current_release/knowledgebase/complete/docs/speclist.txt` (attempt 3/3); error: cannot open the connection to 'https://ftp.expasy.org/databases/uniprot/current_release/knowledgebase/complete/docs/speclist.txt'
[2026-04-19 13:46:31] [INFO]    [OmnipathR] Package `OmnipathR` packaged: 2026-04-19 13:20:07 UTC; runner
[2026-04-19 13:46:31] [INFO]    [OmnipathR] Package `OmnipathR` date/publication: NA
[2026-04-19 13:46:31] [INFO]    [OmnipathR] Package `OmnipathR` built: R 4.5.3; ; 2026-04-19 13:20:09 UTC; unix
[2026-04-19 13:46:31] [INFO]    [OmnipathR] Package `OmnipathR` version: 3.19.11
[2026-04-19 13:46:31] [INFO]    [OmnipathR] Package `OmnipathR` repository: NA
[2026-04-19 13:46:31] [INFO]    [OmnipathR] Session info: [version=R version 4.5.3 (2026-03-11); os=Ubuntu 24.04.4 LTS; system=x86_64, linux-gnu; ui=X11; language=en; collate=C; ctype=C.UTF-8; tz=UTC; date=2026-04-19; pandoc=3.1.11 @ /opt/hostedtoolcache/pandoc/3.1.11/x64/ (via rmarkdown); quarto=NA]
[2026-04-19 13:46:31] [INFO]    [OmnipathR] External libraries: [cairo=1.18.0; cairoFT=; pango=1.52.1; png=1.6.43; jpeg=8.0; tiff=LIBTIFF, Version 4.5.1; tcl=8.6.14; curl=8.5.0; zlib=1.3; bzlib=1.0.8, 13-Jul-2019; xz=5.4.5; deflate=1.19; PCRE=10.42 2022-12-11; ICU=74.2; TRE=TRE 0.8.0 R_fixes (BSD); iconv=glibc 2.39; readline=8.2; BLAS=/usr/lib/x86_64-linux-gnu/openblas-pthread/libblas.so.3; lapack=/usr/lib/x86_64-linux-gnu/openblas-pthread/libopenblasp-r0.3.26.so; lapack_version=3.12.0]
[2026-04-19 13:46:32] [INFO]    [OmnipathR] Loaded packages: abind 1.4-8(2024-09-12); ADImpute 1.20.0(2025-10-29); annotate 1.88.0(2025-10-29); AnnotationDbi 1.72.0(2025-10-29); ape 5.8-1(2024-12-16); aplot 0.2.9(2025-09-12); askpass 1.2.1(2024-10-04); assertthat 0.2.1(2019-03-21); babelgene 22.9(2022-09-29); backports 1.5.1(2026-04-03); base64enc 0.1-6(2026-02-02); beachmat 2.26.0(2025-10-29); Biobase 2.70.0(2025-10-29); BiocGenerics 0.56.0(2025-10-29); BiocParallel 1.44.0(2025-10-29); BiocSingular 1.26.1(2025-11-17); Biostrings 2.78.0(2025-10-29); bit 4.6.0(2025-03-06); bit64 4.6.0-1(2025-01-16); bitops 1.0-9(2024-10-03); blob 1.3.0(2026-01-14); brio 1.1.5(2024-04-24); broom 1.0.12(2026-01-27); bslib 0.10.0(2026-01-26); cachem 1.1.0(2024-05-16); car 3.1-5(2026-02-03); carData 3.0-6(2026-01-30); caTools 1.18.3(2024-09-04); cellranger 1.1.0(2016-07-27); CellTFusion 0.0.0.9000(2026-04-19); checkmate 2.3.4(2026-02-03); cli 3.6.6(2026-04-09); cluster 2.1.8.2(2026-02-05); clusterProfiler 4.18.4(2025-12-15); codetools 0.2-20(2024-03-31); colorspace 2.1-2(2025-09-22); cowplot 1.2.0(2025-07-07); crayon 1.5.3(2024-06-20); curl 7.0.0(2025-08-19); data.table 1.18.2.1(2026-01-27); DBI 1.3.0(2026-02-25); decoupleR 2.16.0(2025-10-29); DelayedArray 0.36.1(2026-03-31); dendextend 1.19.1(2025-07-15); desc 1.4.3(2023-12-10); devtools 2.5.1(2026-04-16); digest 0.6.39(2025-11-19); doParallel 1.0.17(2022-02-07); DOSE 4.4.0(2025-10-29); downlit 0.4.5(2025-11-14); dplyr 1.2.1(2026-04-03); dynamicTreeCut 1.63-1(2016-03-11); ellipsis 0.3.3(2026-04-04); enrichplot 1.30.5(2026-03-02); evaluate 1.0.5(2025-08-27); factoextra 2.0.0(2026-03-03); fansi 1.0.7(2025-11-19); farver 2.1.2(2024-05-13); fastcluster 1.3.0(2025-05-07); fastmap 1.2.0(2024-05-15); fastmatch 1.1-8(2026-01-17); fgsea 1.36.2(2026-01-05); fontawesome 0.5.3(2024-11-16); fontBitstreamVera 0.1.1(2017-02-01); fontLiberation 0.1.0(2016-10-15); fontquiver 0.2.1(2017-02-01); foreach 1.5.2(2022-02-02); foreign 0.8-91(2026-01-29); Formula 1.2-5(2023-02-24); fs 2.1.0(2026-04-18); gdtools 0.5.0(2026-02-09); generics 0.1.4(2025-05-09); GenomicRanges 1.62.1(2025-12-08); ggforce 0.5.0(2025-06-18); ggfun 0.2.0(2025-07-15); ggiraph 0.9.6(2026-02-21); ggnewscale 0.5.2(2025-06-20); ggplot2 4.0.2(2026-02-03); ggplotify 0.1.3(2025-09-20); ggpubr 0.6.3(2026-02-24); ggrepel 0.9.8(2026-03-17); ggsignif 0.6.4(2022-10-13); ggtangle 0.1.1(2026-01-16); ggtree 4.1.2(2026-04-19); gitcreds 0.1.2(2022-09-08); glue 1.8.1(2026-04-17); GO.db 3.22.0(2026-04-19); GOSemSim 2.36.0(2025-10-29); gplots 3.3.0(2025-11-30); graph 1.88.1(2025-12-08); gridExtra 2.3(2017-09-09); gridGraphics 0.5-1(2020-12-13); GSEABase 1.72.0(2025-10-29); gson 0.1.0(2023-03-07); GSVA 2.4.9(2026-04-07); gtable 0.3.6(2024-10-25); gtools 3.9.5(2023-11-20); h5mread 1.2.1(2025-11-25); HDF5Array 1.38.0(2025-10-29); Hmisc 5.2-5(2026-01-09); hms 1.1.4(2025-10-17); htmlTable 2.4.3(2024-07-21); htmltools 0.5.9(2025-12-04); htmlwidgets 1.6.4(2023-12-06); httpuv 1.6.17(2026-03-18); httr 1.4.8(2026-02-13); httr2 1.2.2(2025-12-08); igraph 2.2.3(2026-04-07); impute 1.84.0(2025-10-29); IRanges 2.44.0(2025-10-29); irlba 2.3.7(2026-01-30); iterators 1.0.14(2022-02-05); jquerylib 0.1.4(2021-04-26); jsonlite 2.0.0(2025-03-27); KEGGREST 1.50.0(2025-10-29); KernSmooth 2.23-26(2025-01-01); knitr 1.51(2025-12-20); later 1.4.8(2026-03-05); lattice 0.22-9(2026-02-09); lazyeval 0.2.3(2026-04-04); lifecycle 1.0.5(2026-01-08); limma 3.66.0(2025-10-29); logger 0.4.1(2025-09-11); lubridate 1.9.5(2026-02-04); magick 2.9.1(2026-02-28); magrittr 2.0.5(2026-04-04); MASS 7.3-65(2025-02-28); Matrix 1.7-4(2025-08-28); MatrixGenerics 1.22.0(2025-10-29); matrixStats 1.5.0(2025-01-07); memoise 2.0.1(2021-11-26); memuse 4.2-3(2023-01-24); mime 0.13(2025-03-17); msigdbr 26.1.0(2026-03-12); multideconv 0.0.1(2026-04-19); nlme 3.1-168(2025-03-31); nnet 7.3-20(2025-01-01); nnls 1.6(2024-10-23); OmnipathR 3.19.11(2026-04-19); openssl 2.4.0(2026-04-15); org.Hs.eg.db 3.22.0(2026-04-19); otel 0.2.0(2025-08-29); pak 0.9.4(2026-04-17); parallelly 1.47.0(2026-04-17); patchwork 1.3.2(2025-08-25); pcaMethods 2.2.0(2025-10-29); pheatmap 1.0.13(2025-06-05); pillar 1.11.1(2025-09-17); pkgbuild 1.4.8(2025-05-26); pkgconfig 2.0.3(2019-09-22); pkgdown 2.2.0(2025-11-06); pkgload 1.5.1(2026-04-01); plyr 1.8.9(2023-10-02); png 0.1-9(2026-03-15); polyclip 1.10-7(2024-07-23); preprocessCore 1.72.0(2025-10-29); prettyunits 1.2.0(2023-09-24); progress 1.2.3(2023-12-06); promises 1.5.0(2025-11-01); purrr 1.2.2(2026-04-10); qvalue 2.42.0(2025-10-29); R.methodsS3 1.8.2(2022-06-13); R.oo 1.27.1(2025-05-02); R.utils 2.13.0(2025-02-24); R6 2.6.1(2025-02-15); ragg 1.5.2(2026-03-23); rappdirs 0.3.4(2026-01-17); RColorBrewer 1.1-3(2022-04-03); Rcpp 1.1.1-1(2026-04-16); readr 2.2.0(2026-02-19); readxl 1.4.5(2025-03-07); reshape2 1.4.5(2025-11-12); rhdf5 2.54.1(2025-12-04); rhdf5filters 1.22.0(2025-10-29); Rhdf5lib 1.32.0(2025-10-29); rjson 0.2.23(2024-09-16); rlang 1.2.0(2026-04-06); rmarkdown 2.31(2026-03-26); rpart 4.1.24(2025-01-07); RSQLite 2.4.6(2026-02-06); rstatix 0.7.3(2025-10-18); rstudioapi 0.18.0(2026-01-16); rsvd 1.0.5(2021-04-16); rvest 1.0.5(2025-08-29); S4Arrays 1.10.1(2025-12-01); S4Vectors 0.48.1(2026-04-05); S7 0.2.1-1(2025-11-14); sass 0.4.10(2025-04-11); ScaledMatrix 1.18.0(2025-10-29); scales 1.4.0(2025-04-24); scatterpie 0.2.6(2025-09-12); selectr 0.5-1(2025-12-17); Seqinfo 1.0.0(2025-10-29); sessioninfo 1.2.3(2025-02-05); shiny 1.13.0(2026-02-20); SingleCellExperiment 1.32.0(2025-10-29); SparseArray 1.10.10(2026-03-30); sparseMatrixStats 1.22.0(2025-10-29); SpatialExperiment 1.20.0(2025-10-29); statmod 1.5.1(2025-10-09); stringi 1.8.7(2025-03-27); stringr 1.6.0(2025-11-04); SummarizedExperiment 1.40.0(2025-10-29); survival 3.8-6(2026-01-16); systemfonts 1.3.2(2026-03-05); testthat 3.3.2(2026-01-11); textshaping 1.0.5(2026-03-06); tibble 3.3.1(2026-01-11); tidydr 0.0.6(2025-07-25); tidyr 1.3.2(2025-12-19); tidyselect 1.2.1(2024-03-11); tidytree 0.4.7(2026-01-08); timechange 0.4.0(2026-01-29); treeio 1.34.0(2025-10-30); tweenr 2.0.3(2024-02-26); tzdb 0.5.0(2025-03-15); usethis 3.2.1(2025-09-06); vctrs 0.7.3(2026-04-11); viridis 0.6.5(2024-01-29); viridisLite 0.4.3(2026-02-04); vroom 1.7.1(2026-03-31); WGCNA 1.74(2026-01-30); whisker 0.4.1(2022-12-05); withr 3.0.2(2024-10-28); xfun 0.57(2026-03-20); XML 3.99-0.23(2026-03-20); xml2 1.5.2(2026-01-17); xtable 1.8-8(2026-02-22); XVector 0.50.0(2025-10-29); yaml 2.3.12(2025-12-10); yulab.utils 0.2.4(2026-02-02); zip 2.3.3(2025-05-13)
[2026-04-19 13:46:32] [INFO]    [OmnipathR] CURL: version: 8.5.0; headers: 8.5.0; ssl_version: OpenSSL/3.0.13; libz_version: 1.3; libssh_version: libssh/0.10.6/openssl/zlib; libidn_version: 2.3.7; host: x86_64-pc-linux-gnu; protocols: dict, file, ftp, ftps, gopher, gophers, http, https, imap, imaps, ldap, ldaps, mqtt, pop3, pop3s, rtmp, rtmpe, rtmps, rtmpt, rtmpte, rtmpts, rtsp, scp, sftp, smb, smbs, smtp, smtps, telnet, tftp; ipv6: TRUE; http2: TRUE; idn: TRUE; url_parser: TRUE
[2026-04-19 13:46:33] [TRACE]   [OmnipathR] Processing args for OmniPath query
[2026-04-19 13:46:33] [TRACE]   [OmnipathR] Arguments for OmniPath query: [wide=TRUE,resources=PROGENy,query_type=annotations]
[2026-04-19 13:46:33] [TRACE]   [OmnipathR] Param in `omnipath_query`: [query_type=annotations,organism=9606,resources=PROGENy,datasets=<NULL>,types=<NULL>,genesymbols=yes,fields=<NULL>,default_fields=TRUE,silent=FALSE,logicals=<NULL>,download_args=[],format=data.frame,references_by_resource=TRUE,add_counts=TRUE,license=<NULL>,password=<NULL>,exclude=<NULL>,json_param=[],strict_evidences=FALSE,genesymbol_resource=UniProt,cache=TRUE]
[2026-04-19 13:46:33] [INFO]    [OmnipathR] Loading database `Ensembl and OMA organism names`.
[2026-04-19 13:46:33] [TRACE]   [OmnipathR] Checking on-disk cache for database `organisms`.
[2026-04-19 13:46:33] [INFO]    [OmnipathR] Cache record does not exist: `db://organisms`
[2026-04-19 13:46:33] [TRACE]   [OmnipathR] Loading database `organisms` from source.
[2026-04-19 13:46:33] [INFO]    [OmnipathR] Looking up in cache `https://www.ensembl.org/info/about/species.html`: key=7332486db7400730697234bad76ca0c8e4d00799, latest version=1.
[2026-04-19 13:46:33] [TRACE]   [OmnipathR] Cache file path: /home/runner/.cache/OmnipathR/7332486db7400730697234bad76ca0c8e4d00799-1.html
[2026-04-19 13:46:33] [TRACE]   [OmnipathR] Downloading by `generic_downloader`.
[2026-04-19 13:46:33] [TRACE]   [OmnipathR] Looking up in cache: `https://omabrowser.org/All/oma-species.txt`.
[2026-04-19 13:46:33] [TRACE]   [OmnipathR] Loaded data from RDS `/home/runner/.cache/OmnipathR/30e690cbb55dfc63b5903ab337f34ffc2f4be397-1.rds`.
[2026-04-19 13:46:33] [TRACE]   [OmnipathR] Downloading by `generic_downloader`.
[2026-04-19 13:46:33] [TRACE]   [OmnipathR] Looking up in cache: `https://ftp.expasy.org/databases/uniprot/current_release/knowledgebase/complete/docs/speclist.txt`.
[2026-04-19 13:46:33] [INFO]    [OmnipathR] No version is available for key `56ad6544dc07a2222fa6013d8d83e6e5a35fdf33` (https://ftp.expasy.org/databases/uniprot/current_release/knowledgebase/complete/docs/speclist.txt).
[2026-04-19 13:46:33] [TRACE]   [OmnipathR] Could not find in cache, initiating download: `https://ftp.expasy.org/databases/uniprot/current_release/knowledgebase/complete/docs/speclist.txt`.
[2026-04-19 13:46:33] [TRACE]   [OmnipathR] Reading JSON from `/home/runner/.cache/OmnipathR/cache.json` (encoding: UTF-8).
[2026-04-19 13:46:33] [TRACE]   [OmnipathR] JSON validation successful: TRUE
[2026-04-19 13:46:33] [INFO]    [OmnipathR] Cache item `56ad6544dc07a2222fa6013d8d83e6e5a35fdf33` version 6: status changed from `unknown` to `started`.
[2026-04-19 13:46:33] [TRACE]   [OmnipathR] Exporting object to RDS: `/home/runner/.cache/OmnipathR/56ad6544dc07a2222fa6013d8d83e6e5a35fdf33-6.rds`.
[2026-04-19 13:46:33] [INFO]    [OmnipathR] Retrieving URL: `https://ftp.expasy.org/databases/uniprot/current_release/knowledgebase/complete/docs/speclist.txt`
[2026-04-19 13:46:33] [TRACE]   [OmnipathR] Attempt 1/3: `https://ftp.expasy.org/databases/uniprot/current_release/knowledgebase/complete/docs/speclist.txt`
[2026-04-19 13:47:33] [WARN]    [OmnipathR] Failed to download `https://ftp.expasy.org/databases/uniprot/current_release/knowledgebase/complete/docs/speclist.txt` (attempt 1/3); error: cannot open the connection to 'https://ftp.expasy.org/databases/uniprot/current_release/knowledgebase/complete/docs/speclist.txt'
[2026-04-19 13:47:38] [TRACE]   [OmnipathR] Attempt 2/3: `https://ftp.expasy.org/databases/uniprot/current_release/knowledgebase/complete/docs/speclist.txt`
[2026-04-19 13:48:38] [WARN]    [OmnipathR] Failed to download `https://ftp.expasy.org/databases/uniprot/current_release/knowledgebase/complete/docs/speclist.txt` (attempt 2/3); error: cannot open the connection to 'https://ftp.expasy.org/databases/uniprot/current_release/knowledgebase/complete/docs/speclist.txt'
[2026-04-19 13:48:43] [TRACE]   [OmnipathR] Attempt 3/3: `https://ftp.expasy.org/databases/uniprot/current_release/knowledgebase/complete/docs/speclist.txt`
[2026-04-19 13:49:43] [ERROR]   [OmnipathR] Failed to download `https://ftp.expasy.org/databases/uniprot/current_release/knowledgebase/complete/docs/speclist.txt` (attempt 3/3); error: cannot open the connection to 'https://ftp.expasy.org/databases/uniprot/current_release/knowledgebase/complete/docs/speclist.txt'
[2026-04-19 13:49:43] [INFO]    [OmnipathR] Package `OmnipathR` packaged: 2026-04-19 13:20:07 UTC; runner
[2026-04-19 13:49:43] [INFO]    [OmnipathR] Package `OmnipathR` date/publication: NA
[2026-04-19 13:49:43] [INFO]    [OmnipathR] Package `OmnipathR` built: R 4.5.3; ; 2026-04-19 13:20:09 UTC; unix
[2026-04-19 13:49:43] [INFO]    [OmnipathR] Package `OmnipathR` version: 3.19.11
[2026-04-19 13:49:43] [INFO]    [OmnipathR] Package `OmnipathR` repository: NA
[2026-04-19 13:49:43] [INFO]    [OmnipathR] Session info: [version=R version 4.5.3 (2026-03-11); os=Ubuntu 24.04.4 LTS; system=x86_64, linux-gnu; ui=X11; language=en; collate=C; ctype=C.UTF-8; tz=UTC; date=2026-04-19; pandoc=3.1.11 @ /opt/hostedtoolcache/pandoc/3.1.11/x64/ (via rmarkdown); quarto=NA]
[2026-04-19 13:49:43] [INFO]    [OmnipathR] External libraries: [cairo=1.18.0; cairoFT=; pango=1.52.1; png=1.6.43; jpeg=8.0; tiff=LIBTIFF, Version 4.5.1; tcl=8.6.14; curl=8.5.0; zlib=1.3; bzlib=1.0.8, 13-Jul-2019; xz=5.4.5; deflate=1.19; PCRE=10.42 2022-12-11; ICU=74.2; TRE=TRE 0.8.0 R_fixes (BSD); iconv=glibc 2.39; readline=8.2; BLAS=/usr/lib/x86_64-linux-gnu/openblas-pthread/libblas.so.3; lapack=/usr/lib/x86_64-linux-gnu/openblas-pthread/libopenblasp-r0.3.26.so; lapack_version=3.12.0]
[2026-04-19 13:49:44] [INFO]    [OmnipathR] Loaded packages: abind 1.4-8(2024-09-12); ADImpute 1.20.0(2025-10-29); annotate 1.88.0(2025-10-29); AnnotationDbi 1.72.0(2025-10-29); ape 5.8-1(2024-12-16); aplot 0.2.9(2025-09-12); askpass 1.2.1(2024-10-04); assertthat 0.2.1(2019-03-21); babelgene 22.9(2022-09-29); backports 1.5.1(2026-04-03); base64enc 0.1-6(2026-02-02); beachmat 2.26.0(2025-10-29); Biobase 2.70.0(2025-10-29); BiocGenerics 0.56.0(2025-10-29); BiocParallel 1.44.0(2025-10-29); BiocSingular 1.26.1(2025-11-17); Biostrings 2.78.0(2025-10-29); bit 4.6.0(2025-03-06); bit64 4.6.0-1(2025-01-16); bitops 1.0-9(2024-10-03); blob 1.3.0(2026-01-14); brio 1.1.5(2024-04-24); broom 1.0.12(2026-01-27); bslib 0.10.0(2026-01-26); cachem 1.1.0(2024-05-16); car 3.1-5(2026-02-03); carData 3.0-6(2026-01-30); caTools 1.18.3(2024-09-04); cellranger 1.1.0(2016-07-27); CellTFusion 0.0.0.9000(2026-04-19); checkmate 2.3.4(2026-02-03); cli 3.6.6(2026-04-09); cluster 2.1.8.2(2026-02-05); clusterProfiler 4.18.4(2025-12-15); codetools 0.2-20(2024-03-31); colorspace 2.1-2(2025-09-22); cowplot 1.2.0(2025-07-07); crayon 1.5.3(2024-06-20); curl 7.0.0(2025-08-19); data.table 1.18.2.1(2026-01-27); DBI 1.3.0(2026-02-25); decoupleR 2.16.0(2025-10-29); DelayedArray 0.36.1(2026-03-31); dendextend 1.19.1(2025-07-15); desc 1.4.3(2023-12-10); devtools 2.5.1(2026-04-16); digest 0.6.39(2025-11-19); doParallel 1.0.17(2022-02-07); DOSE 4.4.0(2025-10-29); downlit 0.4.5(2025-11-14); dplyr 1.2.1(2026-04-03); dynamicTreeCut 1.63-1(2016-03-11); ellipsis 0.3.3(2026-04-04); enrichplot 1.30.5(2026-03-02); evaluate 1.0.5(2025-08-27); factoextra 2.0.0(2026-03-03); fansi 1.0.7(2025-11-19); farver 2.1.2(2024-05-13); fastcluster 1.3.0(2025-05-07); fastmap 1.2.0(2024-05-15); fastmatch 1.1-8(2026-01-17); fgsea 1.36.2(2026-01-05); fontawesome 0.5.3(2024-11-16); fontBitstreamVera 0.1.1(2017-02-01); fontLiberation 0.1.0(2016-10-15); fontquiver 0.2.1(2017-02-01); foreach 1.5.2(2022-02-02); foreign 0.8-91(2026-01-29); Formula 1.2-5(2023-02-24); fs 2.1.0(2026-04-18); gdtools 0.5.0(2026-02-09); generics 0.1.4(2025-05-09); GenomicRanges 1.62.1(2025-12-08); ggforce 0.5.0(2025-06-18); ggfun 0.2.0(2025-07-15); ggiraph 0.9.6(2026-02-21); ggnewscale 0.5.2(2025-06-20); ggplot2 4.0.2(2026-02-03); ggplotify 0.1.3(2025-09-20); ggpubr 0.6.3(2026-02-24); ggrepel 0.9.8(2026-03-17); ggsignif 0.6.4(2022-10-13); ggtangle 0.1.1(2026-01-16); ggtree 4.1.2(2026-04-19); gitcreds 0.1.2(2022-09-08); glue 1.8.1(2026-04-17); GO.db 3.22.0(2026-04-19); GOSemSim 2.36.0(2025-10-29); gplots 3.3.0(2025-11-30); graph 1.88.1(2025-12-08); gridExtra 2.3(2017-09-09); gridGraphics 0.5-1(2020-12-13); GSEABase 1.72.0(2025-10-29); gson 0.1.0(2023-03-07); GSVA 2.4.9(2026-04-07); gtable 0.3.6(2024-10-25); gtools 3.9.5(2023-11-20); h5mread 1.2.1(2025-11-25); HDF5Array 1.38.0(2025-10-29); Hmisc 5.2-5(2026-01-09); hms 1.1.4(2025-10-17); htmlTable 2.4.3(2024-07-21); htmltools 0.5.9(2025-12-04); htmlwidgets 1.6.4(2023-12-06); httpuv 1.6.17(2026-03-18); httr 1.4.8(2026-02-13); httr2 1.2.2(2025-12-08); igraph 2.2.3(2026-04-07); impute 1.84.0(2025-10-29); IRanges 2.44.0(2025-10-29); irlba 2.3.7(2026-01-30); iterators 1.0.14(2022-02-05); jquerylib 0.1.4(2021-04-26); jsonlite 2.0.0(2025-03-27); KEGGREST 1.50.0(2025-10-29); KernSmooth 2.23-26(2025-01-01); knitr 1.51(2025-12-20); later 1.4.8(2026-03-05); lattice 0.22-9(2026-02-09); lazyeval 0.2.3(2026-04-04); lifecycle 1.0.5(2026-01-08); limma 3.66.0(2025-10-29); logger 0.4.1(2025-09-11); lubridate 1.9.5(2026-02-04); magick 2.9.1(2026-02-28); magrittr 2.0.5(2026-04-04); MASS 7.3-65(2025-02-28); Matrix 1.7-4(2025-08-28); MatrixGenerics 1.22.0(2025-10-29); matrixStats 1.5.0(2025-01-07); memoise 2.0.1(2021-11-26); memuse 4.2-3(2023-01-24); mime 0.13(2025-03-17); msigdbr 26.1.0(2026-03-12); multideconv 0.0.1(2026-04-19); nlme 3.1-168(2025-03-31); nnet 7.3-20(2025-01-01); nnls 1.6(2024-10-23); OmnipathR 3.19.11(2026-04-19); openssl 2.4.0(2026-04-15); org.Hs.eg.db 3.22.0(2026-04-19); otel 0.2.0(2025-08-29); pak 0.9.4(2026-04-17); parallelly 1.47.0(2026-04-17); patchwork 1.3.2(2025-08-25); pcaMethods 2.2.0(2025-10-29); pheatmap 1.0.13(2025-06-05); pillar 1.11.1(2025-09-17); pkgbuild 1.4.8(2025-05-26); pkgconfig 2.0.3(2019-09-22); pkgdown 2.2.0(2025-11-06); pkgload 1.5.1(2026-04-01); plyr 1.8.9(2023-10-02); png 0.1-9(2026-03-15); polyclip 1.10-7(2024-07-23); preprocessCore 1.72.0(2025-10-29); prettyunits 1.2.0(2023-09-24); progress 1.2.3(2023-12-06); promises 1.5.0(2025-11-01); purrr 1.2.2(2026-04-10); qvalue 2.42.0(2025-10-29); R.methodsS3 1.8.2(2022-06-13); R.oo 1.27.1(2025-05-02); R.utils 2.13.0(2025-02-24); R6 2.6.1(2025-02-15); ragg 1.5.2(2026-03-23); rappdirs 0.3.4(2026-01-17); RColorBrewer 1.1-3(2022-04-03); Rcpp 1.1.1-1(2026-04-16); readr 2.2.0(2026-02-19); readxl 1.4.5(2025-03-07); reshape2 1.4.5(2025-11-12); rhdf5 2.54.1(2025-12-04); rhdf5filters 1.22.0(2025-10-29); Rhdf5lib 1.32.0(2025-10-29); rjson 0.2.23(2024-09-16); rlang 1.2.0(2026-04-06); rmarkdown 2.31(2026-03-26); rpart 4.1.24(2025-01-07); RSQLite 2.4.6(2026-02-06); rstatix 0.7.3(2025-10-18); rstudioapi 0.18.0(2026-01-16); rsvd 1.0.5(2021-04-16); rvest 1.0.5(2025-08-29); S4Arrays 1.10.1(2025-12-01); S4Vectors 0.48.1(2026-04-05); S7 0.2.1-1(2025-11-14); sass 0.4.10(2025-04-11); ScaledMatrix 1.18.0(2025-10-29); scales 1.4.0(2025-04-24); scatterpie 0.2.6(2025-09-12); selectr 0.5-1(2025-12-17); Seqinfo 1.0.0(2025-10-29); sessioninfo 1.2.3(2025-02-05); shiny 1.13.0(2026-02-20); SingleCellExperiment 1.32.0(2025-10-29); SparseArray 1.10.10(2026-03-30); sparseMatrixStats 1.22.0(2025-10-29); SpatialExperiment 1.20.0(2025-10-29); statmod 1.5.1(2025-10-09); stringi 1.8.7(2025-03-27); stringr 1.6.0(2025-11-04); SummarizedExperiment 1.40.0(2025-10-29); survival 3.8-6(2026-01-16); systemfonts 1.3.2(2026-03-05); testthat 3.3.2(2026-01-11); textshaping 1.0.5(2026-03-06); tibble 3.3.1(2026-01-11); tidydr 0.0.6(2025-07-25); tidyr 1.3.2(2025-12-19); tidyselect 1.2.1(2024-03-11); tidytree 0.4.7(2026-01-08); timechange 0.4.0(2026-01-29); treeio 1.34.0(2025-10-30); tweenr 2.0.3(2024-02-26); tzdb 0.5.0(2025-03-15); usethis 3.2.1(2025-09-06); vctrs 0.7.3(2026-04-11); viridis 0.6.5(2024-01-29); viridisLite 0.4.3(2026-02-04); vroom 1.7.1(2026-03-31); WGCNA 1.74(2026-01-30); whisker 0.4.1(2022-12-05); withr 3.0.2(2024-10-28); xfun 0.57(2026-03-20); XML 3.99-0.23(2026-03-20); xml2 1.5.2(2026-01-17); xtable 1.8-8(2026-02-22); XVector 0.50.0(2025-10-29); yaml 2.3.12(2025-12-10); yulab.utils 0.2.4(2026-02-02); zip 2.3.3(2025-05-13)
[2026-04-19 13:49:44] [INFO]    [OmnipathR] CURL: version: 8.5.0; headers: 8.5.0; ssl_version: OpenSSL/3.0.13; libz_version: 1.3; libssh_version: libssh/0.10.6/openssl/zlib; libidn_version: 2.3.7; host: x86_64-pc-linux-gnu; protocols: dict, file, ftp, ftps, gopher, gophers, http, https, imap, imaps, ldap, ldaps, mqtt, pop3, pop3s, rtmp, rtmpe, rtmps, rtmpt, rtmpte, rtmpts, rtsp, scp, sftp, smb, smbs, smtp, smtps, telnet, tftp; ipv6: TRUE; http2: TRUE; idn: TRUE; url_parser: TRUE
[2026-04-19 13:49:45] [WARN]    [OmnipathR] Accessing `PROGENy` as a static table: this is not the recommended way to access OmniPath data; it is only a backup plan for situations when our server or your computer is experiencing issues.
[2026-04-19 13:49:45] [TRACE]   [OmnipathR] Looking up in cache: `http://no-tls.static.omnipathdb.org/resources/annotations_PROGENy_9606.tsv.gz`
[2026-04-19 13:49:46] [TRACE]   [OmnipathR] Loaded data from RDS `/home/runner/.cache/OmnipathR/103f85125e0134e3d65e4e63d22c339270d103e8-1.rds`.
[2026-04-19 13:49:46] [INFO]    [OmnipathR] Loaded from cache: `http://no-tls.static.omnipathdb.org/resources/annotations_PROGENy_9606.tsv.gz`
[2026-04-19 13:49:46] [SUCCESS] [OmnipathR] Loaded 700239 annotation records from cache.
[2026-04-19 13:49:50] [TRACE]   [OmnipathR] Reading JSON from `https://omnipathdb.org/resources` (encoding: UTF-8).
[2026-04-19 13:49:51] [TRACE]   [OmnipathR] JSON validation successful: TRUE
[2026-04-19 13:49:51] [INFO]    [OmnipathR] Loading database `Ensembl and OMA organism names`.
[2026-04-19 13:49:51] [TRACE]   [OmnipathR] Checking on-disk cache for database `organisms`.
[2026-04-19 13:49:51] [INFO]    [OmnipathR] Cache record does not exist: `db://organisms`
[2026-04-19 13:49:51] [TRACE]   [OmnipathR] Loading database `organisms` from source.
[2026-04-19 13:49:51] [INFO]    [OmnipathR] Looking up in cache `https://www.ensembl.org/info/about/species.html`: key=7332486db7400730697234bad76ca0c8e4d00799, latest version=1.
[2026-04-19 13:49:51] [TRACE]   [OmnipathR] Cache file path: /home/runner/.cache/OmnipathR/7332486db7400730697234bad76ca0c8e4d00799-1.html
[2026-04-19 13:49:51] [TRACE]   [OmnipathR] Downloading by `generic_downloader`.
[2026-04-19 13:49:51] [TRACE]   [OmnipathR] Looking up in cache: `https://omabrowser.org/All/oma-species.txt`.
[2026-04-19 13:49:51] [TRACE]   [OmnipathR] Loaded data from RDS `/home/runner/.cache/OmnipathR/30e690cbb55dfc63b5903ab337f34ffc2f4be397-1.rds`.
[2026-04-19 13:49:51] [TRACE]   [OmnipathR] Downloading by `generic_downloader`.
[2026-04-19 13:49:51] [TRACE]   [OmnipathR] Looking up in cache: `https://ftp.expasy.org/databases/uniprot/current_release/knowledgebase/complete/docs/speclist.txt`.
[2026-04-19 13:49:51] [INFO]    [OmnipathR] No version is available for key `56ad6544dc07a2222fa6013d8d83e6e5a35fdf33` (https://ftp.expasy.org/databases/uniprot/current_release/knowledgebase/complete/docs/speclist.txt).
[2026-04-19 13:49:51] [TRACE]   [OmnipathR] Could not find in cache, initiating download: `https://ftp.expasy.org/databases/uniprot/current_release/knowledgebase/complete/docs/speclist.txt`.
[2026-04-19 13:49:51] [TRACE]   [OmnipathR] Reading JSON from `/home/runner/.cache/OmnipathR/cache.json` (encoding: UTF-8).
[2026-04-19 13:49:51] [TRACE]   [OmnipathR] JSON validation successful: TRUE
[2026-04-19 13:49:51] [INFO]    [OmnipathR] Cache item `56ad6544dc07a2222fa6013d8d83e6e5a35fdf33` version 7: status changed from `unknown` to `started`.
[2026-04-19 13:49:51] [TRACE]   [OmnipathR] Exporting object to RDS: `/home/runner/.cache/OmnipathR/56ad6544dc07a2222fa6013d8d83e6e5a35fdf33-7.rds`.
[2026-04-19 13:49:51] [INFO]    [OmnipathR] Retrieving URL: `https://ftp.expasy.org/databases/uniprot/current_release/knowledgebase/complete/docs/speclist.txt`
[2026-04-19 13:49:51] [TRACE]   [OmnipathR] Attempt 1/3: `https://ftp.expasy.org/databases/uniprot/current_release/knowledgebase/complete/docs/speclist.txt`
[2026-04-19 13:50:51] [WARN]    [OmnipathR] Failed to download `https://ftp.expasy.org/databases/uniprot/current_release/knowledgebase/complete/docs/speclist.txt` (attempt 1/3); error: cannot open the connection to 'https://ftp.expasy.org/databases/uniprot/current_release/knowledgebase/complete/docs/speclist.txt'
[2026-04-19 13:50:56] [TRACE]   [OmnipathR] Attempt 2/3: `https://ftp.expasy.org/databases/uniprot/current_release/knowledgebase/complete/docs/speclist.txt`
[2026-04-19 13:51:56] [WARN]    [OmnipathR] Failed to download `https://ftp.expasy.org/databases/uniprot/current_release/knowledgebase/complete/docs/speclist.txt` (attempt 2/3); error: cannot open the connection to 'https://ftp.expasy.org/databases/uniprot/current_release/knowledgebase/complete/docs/speclist.txt'
[2026-04-19 13:52:01] [TRACE]   [OmnipathR] Attempt 3/3: `https://ftp.expasy.org/databases/uniprot/current_release/knowledgebase/complete/docs/speclist.txt`
[2026-04-19 13:53:01] [ERROR]   [OmnipathR] Failed to download `https://ftp.expasy.org/databases/uniprot/current_release/knowledgebase/complete/docs/speclist.txt` (attempt 3/3); error: cannot open the connection to 'https://ftp.expasy.org/databases/uniprot/current_release/knowledgebase/complete/docs/speclist.txt'
[2026-04-19 13:53:01] [INFO]    [OmnipathR] Package `OmnipathR` packaged: 2026-04-19 13:20:07 UTC; runner
[2026-04-19 13:53:01] [INFO]    [OmnipathR] Package `OmnipathR` date/publication: NA
[2026-04-19 13:53:01] [INFO]    [OmnipathR] Package `OmnipathR` built: R 4.5.3; ; 2026-04-19 13:20:09 UTC; unix
[2026-04-19 13:53:01] [INFO]    [OmnipathR] Package `OmnipathR` version: 3.19.11
[2026-04-19 13:53:01] [INFO]    [OmnipathR] Package `OmnipathR` repository: NA
[2026-04-19 13:53:01] [INFO]    [OmnipathR] Session info: [version=R version 4.5.3 (2026-03-11); os=Ubuntu 24.04.4 LTS; system=x86_64, linux-gnu; ui=X11; language=en; collate=C; ctype=C.UTF-8; tz=UTC; date=2026-04-19; pandoc=3.1.11 @ /opt/hostedtoolcache/pandoc/3.1.11/x64/ (via rmarkdown); quarto=NA]
[2026-04-19 13:53:01] [INFO]    [OmnipathR] External libraries: [cairo=1.18.0; cairoFT=; pango=1.52.1; png=1.6.43; jpeg=8.0; tiff=LIBTIFF, Version 4.5.1; tcl=8.6.14; curl=8.5.0; zlib=1.3; bzlib=1.0.8, 13-Jul-2019; xz=5.4.5; deflate=1.19; PCRE=10.42 2022-12-11; ICU=74.2; TRE=TRE 0.8.0 R_fixes (BSD); iconv=glibc 2.39; readline=8.2; BLAS=/usr/lib/x86_64-linux-gnu/openblas-pthread/libblas.so.3; lapack=/usr/lib/x86_64-linux-gnu/openblas-pthread/libopenblasp-r0.3.26.so; lapack_version=3.12.0]
[2026-04-19 13:53:01] [INFO]    [OmnipathR] Loaded packages: abind 1.4-8(2024-09-12); ADImpute 1.20.0(2025-10-29); annotate 1.88.0(2025-10-29); AnnotationDbi 1.72.0(2025-10-29); ape 5.8-1(2024-12-16); aplot 0.2.9(2025-09-12); askpass 1.2.1(2024-10-04); assertthat 0.2.1(2019-03-21); babelgene 22.9(2022-09-29); backports 1.5.1(2026-04-03); base64enc 0.1-6(2026-02-02); beachmat 2.26.0(2025-10-29); Biobase 2.70.0(2025-10-29); BiocGenerics 0.56.0(2025-10-29); BiocParallel 1.44.0(2025-10-29); BiocSingular 1.26.1(2025-11-17); Biostrings 2.78.0(2025-10-29); bit 4.6.0(2025-03-06); bit64 4.6.0-1(2025-01-16); bitops 1.0-9(2024-10-03); blob 1.3.0(2026-01-14); brio 1.1.5(2024-04-24); broom 1.0.12(2026-01-27); bslib 0.10.0(2026-01-26); cachem 1.1.0(2024-05-16); car 3.1-5(2026-02-03); carData 3.0-6(2026-01-30); caTools 1.18.3(2024-09-04); cellranger 1.1.0(2016-07-27); CellTFusion 0.0.0.9000(2026-04-19); checkmate 2.3.4(2026-02-03); cli 3.6.6(2026-04-09); cluster 2.1.8.2(2026-02-05); clusterProfiler 4.18.4(2025-12-15); codetools 0.2-20(2024-03-31); colorspace 2.1-2(2025-09-22); cowplot 1.2.0(2025-07-07); crayon 1.5.3(2024-06-20); curl 7.0.0(2025-08-19); data.table 1.18.2.1(2026-01-27); DBI 1.3.0(2026-02-25); decoupleR 2.16.0(2025-10-29); DelayedArray 0.36.1(2026-03-31); dendextend 1.19.1(2025-07-15); desc 1.4.3(2023-12-10); devtools 2.5.1(2026-04-16); digest 0.6.39(2025-11-19); doParallel 1.0.17(2022-02-07); DOSE 4.4.0(2025-10-29); downlit 0.4.5(2025-11-14); dplyr 1.2.1(2026-04-03); dynamicTreeCut 1.63-1(2016-03-11); ellipsis 0.3.3(2026-04-04); enrichplot 1.30.5(2026-03-02); evaluate 1.0.5(2025-08-27); factoextra 2.0.0(2026-03-03); fansi 1.0.7(2025-11-19); farver 2.1.2(2024-05-13); fastcluster 1.3.0(2025-05-07); fastmap 1.2.0(2024-05-15); fastmatch 1.1-8(2026-01-17); fgsea 1.36.2(2026-01-05); fontawesome 0.5.3(2024-11-16); fontBitstreamVera 0.1.1(2017-02-01); fontLiberation 0.1.0(2016-10-15); fontquiver 0.2.1(2017-02-01); foreach 1.5.2(2022-02-02); foreign 0.8-91(2026-01-29); Formula 1.2-5(2023-02-24); fs 2.1.0(2026-04-18); gdtools 0.5.0(2026-02-09); generics 0.1.4(2025-05-09); GenomicRanges 1.62.1(2025-12-08); ggforce 0.5.0(2025-06-18); ggfun 0.2.0(2025-07-15); ggiraph 0.9.6(2026-02-21); ggnewscale 0.5.2(2025-06-20); ggplot2 4.0.2(2026-02-03); ggplotify 0.1.3(2025-09-20); ggpubr 0.6.3(2026-02-24); ggrepel 0.9.8(2026-03-17); ggsignif 0.6.4(2022-10-13); ggtangle 0.1.1(2026-01-16); ggtree 4.1.2(2026-04-19); gitcreds 0.1.2(2022-09-08); glue 1.8.1(2026-04-17); GO.db 3.22.0(2026-04-19); GOSemSim 2.36.0(2025-10-29); gplots 3.3.0(2025-11-30); graph 1.88.1(2025-12-08); gridExtra 2.3(2017-09-09); gridGraphics 0.5-1(2020-12-13); GSEABase 1.72.0(2025-10-29); gson 0.1.0(2023-03-07); GSVA 2.4.9(2026-04-07); gtable 0.3.6(2024-10-25); gtools 3.9.5(2023-11-20); h5mread 1.2.1(2025-11-25); HDF5Array 1.38.0(2025-10-29); Hmisc 5.2-5(2026-01-09); hms 1.1.4(2025-10-17); htmlTable 2.4.3(2024-07-21); htmltools 0.5.9(2025-12-04); htmlwidgets 1.6.4(2023-12-06); httpuv 1.6.17(2026-03-18); httr 1.4.8(2026-02-13); httr2 1.2.2(2025-12-08); igraph 2.2.3(2026-04-07); impute 1.84.0(2025-10-29); IRanges 2.44.0(2025-10-29); irlba 2.3.7(2026-01-30); iterators 1.0.14(2022-02-05); jquerylib 0.1.4(2021-04-26); jsonlite 2.0.0(2025-03-27); KEGGREST 1.50.0(2025-10-29); KernSmooth 2.23-26(2025-01-01); knitr 1.51(2025-12-20); later 1.4.8(2026-03-05); lattice 0.22-9(2026-02-09); lazyeval 0.2.3(2026-04-04); lifecycle 1.0.5(2026-01-08); limma 3.66.0(2025-10-29); logger 0.4.1(2025-09-11); lubridate 1.9.5(2026-02-04); magick 2.9.1(2026-02-28); magrittr 2.0.5(2026-04-04); MASS 7.3-65(2025-02-28); Matrix 1.7-4(2025-08-28); MatrixGenerics 1.22.0(2025-10-29); matrixStats 1.5.0(2025-01-07); memoise 2.0.1(2021-11-26); memuse 4.2-3(2023-01-24); mime 0.13(2025-03-17); msigdbr 26.1.0(2026-03-12); multideconv 0.0.1(2026-04-19); nlme 3.1-168(2025-03-31); nnet 7.3-20(2025-01-01); nnls 1.6(2024-10-23); OmnipathR 3.19.11(2026-04-19); openssl 2.4.0(2026-04-15); org.Hs.eg.db 3.22.0(2026-04-19); otel 0.2.0(2025-08-29); pak 0.9.4(2026-04-17); parallelly 1.47.0(2026-04-17); patchwork 1.3.2(2025-08-25); pcaMethods 2.2.0(2025-10-29); pheatmap 1.0.13(2025-06-05); pillar 1.11.1(2025-09-17); pkgbuild 1.4.8(2025-05-26); pkgconfig 2.0.3(2019-09-22); pkgdown 2.2.0(2025-11-06); pkgload 1.5.1(2026-04-01); plyr 1.8.9(2023-10-02); png 0.1-9(2026-03-15); polyclip 1.10-7(2024-07-23); preprocessCore 1.72.0(2025-10-29); prettyunits 1.2.0(2023-09-24); progress 1.2.3(2023-12-06); promises 1.5.0(2025-11-01); purrr 1.2.2(2026-04-10); qvalue 2.42.0(2025-10-29); R.methodsS3 1.8.2(2022-06-13); R.oo 1.27.1(2025-05-02); R.utils 2.13.0(2025-02-24); R6 2.6.1(2025-02-15); ragg 1.5.2(2026-03-23); rappdirs 0.3.4(2026-01-17); RColorBrewer 1.1-3(2022-04-03); Rcpp 1.1.1-1(2026-04-16); readr 2.2.0(2026-02-19); readxl 1.4.5(2025-03-07); reshape2 1.4.5(2025-11-12); rhdf5 2.54.1(2025-12-04); rhdf5filters 1.22.0(2025-10-29); Rhdf5lib 1.32.0(2025-10-29); rjson 0.2.23(2024-09-16); rlang 1.2.0(2026-04-06); rmarkdown 2.31(2026-03-26); rpart 4.1.24(2025-01-07); RSQLite 2.4.6(2026-02-06); rstatix 0.7.3(2025-10-18); rstudioapi 0.18.0(2026-01-16); rsvd 1.0.5(2021-04-16); rvest 1.0.5(2025-08-29); S4Arrays 1.10.1(2025-12-01); S4Vectors 0.48.1(2026-04-05); S7 0.2.1-1(2025-11-14); sass 0.4.10(2025-04-11); ScaledMatrix 1.18.0(2025-10-29); scales 1.4.0(2025-04-24); scatterpie 0.2.6(2025-09-12); selectr 0.5-1(2025-12-17); Seqinfo 1.0.0(2025-10-29); sessioninfo 1.2.3(2025-02-05); shiny 1.13.0(2026-02-20); SingleCellExperiment 1.32.0(2025-10-29); SparseArray 1.10.10(2026-03-30); sparseMatrixStats 1.22.0(2025-10-29); SpatialExperiment 1.20.0(2025-10-29); statmod 1.5.1(2025-10-09); stringi 1.8.7(2025-03-27); stringr 1.6.0(2025-11-04); SummarizedExperiment 1.40.0(2025-10-29); survival 3.8-6(2026-01-16); systemfonts 1.3.2(2026-03-05); testthat 3.3.2(2026-01-11); textshaping 1.0.5(2026-03-06); tibble 3.3.1(2026-01-11); tidydr 0.0.6(2025-07-25); tidyr 1.3.2(2025-12-19); tidyselect 1.2.1(2024-03-11); tidytree 0.4.7(2026-01-08); timechange 0.4.0(2026-01-29); treeio 1.34.0(2025-10-30); tweenr 2.0.3(2024-02-26); tzdb 0.5.0(2025-03-15); usethis 3.2.1(2025-09-06); vctrs 0.7.3(2026-04-11); viridis 0.6.5(2024-01-29); viridisLite 0.4.3(2026-02-04); vroom 1.7.1(2026-03-31); WGCNA 1.74(2026-01-30); whisker 0.4.1(2022-12-05); withr 3.0.2(2024-10-28); xfun 0.57(2026-03-20); XML 3.99-0.23(2026-03-20); xml2 1.5.2(2026-01-17); xtable 1.8-8(2026-02-22); XVector 0.50.0(2025-10-29); yaml 2.3.12(2025-12-10); yulab.utils 0.2.4(2026-02-02); zip 2.3.3(2025-05-13)
[2026-04-19 13:53:01] [INFO]    [OmnipathR] CURL: version: 8.5.0; headers: 8.5.0; ssl_version: OpenSSL/3.0.13; libz_version: 1.3; libssh_version: libssh/0.10.6/openssl/zlib; libidn_version: 2.3.7; host: x86_64-pc-linux-gnu; protocols: dict, file, ftp, ftps, gopher, gophers, http, https, imap, imaps, ldap, ldaps, mqtt, pop3, pop3s, rtmp, rtmpe, rtmps, rtmpt, rtmpte, rtmpts, rtsp, scp, sftp, smb, smbs, smtp, smtps, telnet, tftp; ipv6: TRUE; http2: TRUE; idn: TRUE; url_parser: TRUE
[2026-04-19 13:53:02] [TRACE]   [OmnipathR] Processing args for OmniPath query
[2026-04-19 13:53:02] [TRACE]   [OmnipathR] Arguments for OmniPath query: [wide=TRUE,resources=PROGENy,query_type=annotations]
[2026-04-19 13:53:02] [TRACE]   [OmnipathR] Param in `omnipath_query`: [query_type=annotations,organism=9606,resources=PROGENy,datasets=<NULL>,types=<NULL>,genesymbols=yes,fields=<NULL>,default_fields=TRUE,silent=FALSE,logicals=<NULL>,download_args=[],format=data.frame,references_by_resource=TRUE,add_counts=TRUE,license=<NULL>,password=<NULL>,exclude=<NULL>,json_param=[],strict_evidences=FALSE,genesymbol_resource=UniProt,cache=TRUE]
[2026-04-19 13:53:02] [INFO]    [OmnipathR] Loading database `Ensembl and OMA organism names`.
[2026-04-19 13:53:02] [TRACE]   [OmnipathR] Checking on-disk cache for database `organisms`.
[2026-04-19 13:53:02] [INFO]    [OmnipathR] Cache record does not exist: `db://organisms`
[2026-04-19 13:53:02] [TRACE]   [OmnipathR] Loading database `organisms` from source.
[2026-04-19 13:53:02] [INFO]    [OmnipathR] Looking up in cache `https://www.ensembl.org/info/about/species.html`: key=7332486db7400730697234bad76ca0c8e4d00799, latest version=1.
[2026-04-19 13:53:02] [TRACE]   [OmnipathR] Cache file path: /home/runner/.cache/OmnipathR/7332486db7400730697234bad76ca0c8e4d00799-1.html
[2026-04-19 13:53:02] [TRACE]   [OmnipathR] Downloading by `generic_downloader`.
[2026-04-19 13:53:02] [TRACE]   [OmnipathR] Looking up in cache: `https://omabrowser.org/All/oma-species.txt`.
[2026-04-19 13:53:02] [TRACE]   [OmnipathR] Loaded data from RDS `/home/runner/.cache/OmnipathR/30e690cbb55dfc63b5903ab337f34ffc2f4be397-1.rds`.
[2026-04-19 13:53:02] [TRACE]   [OmnipathR] Downloading by `generic_downloader`.
[2026-04-19 13:53:02] [TRACE]   [OmnipathR] Looking up in cache: `https://ftp.expasy.org/databases/uniprot/current_release/knowledgebase/complete/docs/speclist.txt`.
[2026-04-19 13:53:02] [INFO]    [OmnipathR] No version is available for key `56ad6544dc07a2222fa6013d8d83e6e5a35fdf33` (https://ftp.expasy.org/databases/uniprot/current_release/knowledgebase/complete/docs/speclist.txt).
[2026-04-19 13:53:02] [TRACE]   [OmnipathR] Could not find in cache, initiating download: `https://ftp.expasy.org/databases/uniprot/current_release/knowledgebase/complete/docs/speclist.txt`.
[2026-04-19 13:53:02] [TRACE]   [OmnipathR] Reading JSON from `/home/runner/.cache/OmnipathR/cache.json` (encoding: UTF-8).
[2026-04-19 13:53:02] [TRACE]   [OmnipathR] JSON validation successful: TRUE
[2026-04-19 13:53:02] [INFO]    [OmnipathR] Cache item `56ad6544dc07a2222fa6013d8d83e6e5a35fdf33` version 8: status changed from `unknown` to `started`.
[2026-04-19 13:53:02] [TRACE]   [OmnipathR] Exporting object to RDS: `/home/runner/.cache/OmnipathR/56ad6544dc07a2222fa6013d8d83e6e5a35fdf33-8.rds`.
[2026-04-19 13:53:02] [INFO]    [OmnipathR] Retrieving URL: `https://ftp.expasy.org/databases/uniprot/current_release/knowledgebase/complete/docs/speclist.txt`
[2026-04-19 13:53:02] [TRACE]   [OmnipathR] Attempt 1/3: `https://ftp.expasy.org/databases/uniprot/current_release/knowledgebase/complete/docs/speclist.txt`
[2026-04-19 13:54:03] [WARN]    [OmnipathR] Failed to download `https://ftp.expasy.org/databases/uniprot/current_release/knowledgebase/complete/docs/speclist.txt` (attempt 1/3); error: cannot open the connection to 'https://ftp.expasy.org/databases/uniprot/current_release/knowledgebase/complete/docs/speclist.txt'
[2026-04-19 13:54:08] [TRACE]   [OmnipathR] Attempt 2/3: `https://ftp.expasy.org/databases/uniprot/current_release/knowledgebase/complete/docs/speclist.txt`
[2026-04-19 13:55:08] [WARN]    [OmnipathR] Failed to download `https://ftp.expasy.org/databases/uniprot/current_release/knowledgebase/complete/docs/speclist.txt` (attempt 2/3); error: cannot open the connection to 'https://ftp.expasy.org/databases/uniprot/current_release/knowledgebase/complete/docs/speclist.txt'
[2026-04-19 13:55:13] [TRACE]   [OmnipathR] Attempt 3/3: `https://ftp.expasy.org/databases/uniprot/current_release/knowledgebase/complete/docs/speclist.txt`
[2026-04-19 13:56:13] [ERROR]   [OmnipathR] Failed to download `https://ftp.expasy.org/databases/uniprot/current_release/knowledgebase/complete/docs/speclist.txt` (attempt 3/3); error: cannot open the connection to 'https://ftp.expasy.org/databases/uniprot/current_release/knowledgebase/complete/docs/speclist.txt'
[2026-04-19 13:56:13] [INFO]    [OmnipathR] Package `OmnipathR` packaged: 2026-04-19 13:20:07 UTC; runner
[2026-04-19 13:56:13] [INFO]    [OmnipathR] Package `OmnipathR` date/publication: NA
[2026-04-19 13:56:13] [INFO]    [OmnipathR] Package `OmnipathR` built: R 4.5.3; ; 2026-04-19 13:20:09 UTC; unix
[2026-04-19 13:56:13] [INFO]    [OmnipathR] Package `OmnipathR` version: 3.19.11
[2026-04-19 13:56:13] [INFO]    [OmnipathR] Package `OmnipathR` repository: NA
[2026-04-19 13:56:13] [INFO]    [OmnipathR] Session info: [version=R version 4.5.3 (2026-03-11); os=Ubuntu 24.04.4 LTS; system=x86_64, linux-gnu; ui=X11; language=en; collate=C; ctype=C.UTF-8; tz=UTC; date=2026-04-19; pandoc=3.1.11 @ /opt/hostedtoolcache/pandoc/3.1.11/x64/ (via rmarkdown); quarto=NA]
[2026-04-19 13:56:13] [INFO]    [OmnipathR] External libraries: [cairo=1.18.0; cairoFT=; pango=1.52.1; png=1.6.43; jpeg=8.0; tiff=LIBTIFF, Version 4.5.1; tcl=8.6.14; curl=8.5.0; zlib=1.3; bzlib=1.0.8, 13-Jul-2019; xz=5.4.5; deflate=1.19; PCRE=10.42 2022-12-11; ICU=74.2; TRE=TRE 0.8.0 R_fixes (BSD); iconv=glibc 2.39; readline=8.2; BLAS=/usr/lib/x86_64-linux-gnu/openblas-pthread/libblas.so.3; lapack=/usr/lib/x86_64-linux-gnu/openblas-pthread/libopenblasp-r0.3.26.so; lapack_version=3.12.0]
[2026-04-19 13:56:13] [INFO]    [OmnipathR] Loaded packages: abind 1.4-8(2024-09-12); ADImpute 1.20.0(2025-10-29); annotate 1.88.0(2025-10-29); AnnotationDbi 1.72.0(2025-10-29); ape 5.8-1(2024-12-16); aplot 0.2.9(2025-09-12); askpass 1.2.1(2024-10-04); assertthat 0.2.1(2019-03-21); babelgene 22.9(2022-09-29); backports 1.5.1(2026-04-03); base64enc 0.1-6(2026-02-02); beachmat 2.26.0(2025-10-29); Biobase 2.70.0(2025-10-29); BiocGenerics 0.56.0(2025-10-29); BiocParallel 1.44.0(2025-10-29); BiocSingular 1.26.1(2025-11-17); Biostrings 2.78.0(2025-10-29); bit 4.6.0(2025-03-06); bit64 4.6.0-1(2025-01-16); bitops 1.0-9(2024-10-03); blob 1.3.0(2026-01-14); brio 1.1.5(2024-04-24); broom 1.0.12(2026-01-27); bslib 0.10.0(2026-01-26); cachem 1.1.0(2024-05-16); car 3.1-5(2026-02-03); carData 3.0-6(2026-01-30); caTools 1.18.3(2024-09-04); cellranger 1.1.0(2016-07-27); CellTFusion 0.0.0.9000(2026-04-19); checkmate 2.3.4(2026-02-03); cli 3.6.6(2026-04-09); cluster 2.1.8.2(2026-02-05); clusterProfiler 4.18.4(2025-12-15); codetools 0.2-20(2024-03-31); colorspace 2.1-2(2025-09-22); cowplot 1.2.0(2025-07-07); crayon 1.5.3(2024-06-20); curl 7.0.0(2025-08-19); data.table 1.18.2.1(2026-01-27); DBI 1.3.0(2026-02-25); decoupleR 2.16.0(2025-10-29); DelayedArray 0.36.1(2026-03-31); dendextend 1.19.1(2025-07-15); desc 1.4.3(2023-12-10); devtools 2.5.1(2026-04-16); digest 0.6.39(2025-11-19); doParallel 1.0.17(2022-02-07); DOSE 4.4.0(2025-10-29); downlit 0.4.5(2025-11-14); dplyr 1.2.1(2026-04-03); dynamicTreeCut 1.63-1(2016-03-11); ellipsis 0.3.3(2026-04-04); enrichplot 1.30.5(2026-03-02); evaluate 1.0.5(2025-08-27); factoextra 2.0.0(2026-03-03); fansi 1.0.7(2025-11-19); farver 2.1.2(2024-05-13); fastcluster 1.3.0(2025-05-07); fastmap 1.2.0(2024-05-15); fastmatch 1.1-8(2026-01-17); fgsea 1.36.2(2026-01-05); fontawesome 0.5.3(2024-11-16); fontBitstreamVera 0.1.1(2017-02-01); fontLiberation 0.1.0(2016-10-15); fontquiver 0.2.1(2017-02-01); foreach 1.5.2(2022-02-02); foreign 0.8-91(2026-01-29); Formula 1.2-5(2023-02-24); fs 2.1.0(2026-04-18); gdtools 0.5.0(2026-02-09); generics 0.1.4(2025-05-09); GenomicRanges 1.62.1(2025-12-08); ggforce 0.5.0(2025-06-18); ggfun 0.2.0(2025-07-15); ggiraph 0.9.6(2026-02-21); ggnewscale 0.5.2(2025-06-20); ggplot2 4.0.2(2026-02-03); ggplotify 0.1.3(2025-09-20); ggpubr 0.6.3(2026-02-24); ggrepel 0.9.8(2026-03-17); ggsignif 0.6.4(2022-10-13); ggtangle 0.1.1(2026-01-16); ggtree 4.1.2(2026-04-19); gitcreds 0.1.2(2022-09-08); glue 1.8.1(2026-04-17); GO.db 3.22.0(2026-04-19); GOSemSim 2.36.0(2025-10-29); gplots 3.3.0(2025-11-30); graph 1.88.1(2025-12-08); gridExtra 2.3(2017-09-09); gridGraphics 0.5-1(2020-12-13); GSEABase 1.72.0(2025-10-29); gson 0.1.0(2023-03-07); GSVA 2.4.9(2026-04-07); gtable 0.3.6(2024-10-25); gtools 3.9.5(2023-11-20); h5mread 1.2.1(2025-11-25); HDF5Array 1.38.0(2025-10-29); Hmisc 5.2-5(2026-01-09); hms 1.1.4(2025-10-17); htmlTable 2.4.3(2024-07-21); htmltools 0.5.9(2025-12-04); htmlwidgets 1.6.4(2023-12-06); httpuv 1.6.17(2026-03-18); httr 1.4.8(2026-02-13); httr2 1.2.2(2025-12-08); igraph 2.2.3(2026-04-07); impute 1.84.0(2025-10-29); IRanges 2.44.0(2025-10-29); irlba 2.3.7(2026-01-30); iterators 1.0.14(2022-02-05); jquerylib 0.1.4(2021-04-26); jsonlite 2.0.0(2025-03-27); KEGGREST 1.50.0(2025-10-29); KernSmooth 2.23-26(2025-01-01); knitr 1.51(2025-12-20); later 1.4.8(2026-03-05); lattice 0.22-9(2026-02-09); lazyeval 0.2.3(2026-04-04); lifecycle 1.0.5(2026-01-08); limma 3.66.0(2025-10-29); logger 0.4.1(2025-09-11); lubridate 1.9.5(2026-02-04); magick 2.9.1(2026-02-28); magrittr 2.0.5(2026-04-04); MASS 7.3-65(2025-02-28); Matrix 1.7-4(2025-08-28); MatrixGenerics 1.22.0(2025-10-29); matrixStats 1.5.0(2025-01-07); memoise 2.0.1(2021-11-26); memuse 4.2-3(2023-01-24); mime 0.13(2025-03-17); msigdbr 26.1.0(2026-03-12); multideconv 0.0.1(2026-04-19); nlme 3.1-168(2025-03-31); nnet 7.3-20(2025-01-01); nnls 1.6(2024-10-23); OmnipathR 3.19.11(2026-04-19); openssl 2.4.0(2026-04-15); org.Hs.eg.db 3.22.0(2026-04-19); otel 0.2.0(2025-08-29); pak 0.9.4(2026-04-17); parallelly 1.47.0(2026-04-17); patchwork 1.3.2(2025-08-25); pcaMethods 2.2.0(2025-10-29); pheatmap 1.0.13(2025-06-05); pillar 1.11.1(2025-09-17); pkgbuild 1.4.8(2025-05-26); pkgconfig 2.0.3(2019-09-22); pkgdown 2.2.0(2025-11-06); pkgload 1.5.1(2026-04-01); plyr 1.8.9(2023-10-02); png 0.1-9(2026-03-15); polyclip 1.10-7(2024-07-23); preprocessCore 1.72.0(2025-10-29); prettyunits 1.2.0(2023-09-24); progress 1.2.3(2023-12-06); promises 1.5.0(2025-11-01); purrr 1.2.2(2026-04-10); qvalue 2.42.0(2025-10-29); R.methodsS3 1.8.2(2022-06-13); R.oo 1.27.1(2025-05-02); R.utils 2.13.0(2025-02-24); R6 2.6.1(2025-02-15); ragg 1.5.2(2026-03-23); rappdirs 0.3.4(2026-01-17); RColorBrewer 1.1-3(2022-04-03); Rcpp 1.1.1-1(2026-04-16); readr 2.2.0(2026-02-19); readxl 1.4.5(2025-03-07); reshape2 1.4.5(2025-11-12); rhdf5 2.54.1(2025-12-04); rhdf5filters 1.22.0(2025-10-29); Rhdf5lib 1.32.0(2025-10-29); rjson 0.2.23(2024-09-16); rlang 1.2.0(2026-04-06); rmarkdown 2.31(2026-03-26); rpart 4.1.24(2025-01-07); RSQLite 2.4.6(2026-02-06); rstatix 0.7.3(2025-10-18); rstudioapi 0.18.0(2026-01-16); rsvd 1.0.5(2021-04-16); rvest 1.0.5(2025-08-29); S4Arrays 1.10.1(2025-12-01); S4Vectors 0.48.1(2026-04-05); S7 0.2.1-1(2025-11-14); sass 0.4.10(2025-04-11); ScaledMatrix 1.18.0(2025-10-29); scales 1.4.0(2025-04-24); scatterpie 0.2.6(2025-09-12); selectr 0.5-1(2025-12-17); Seqinfo 1.0.0(2025-10-29); sessioninfo 1.2.3(2025-02-05); shiny 1.13.0(2026-02-20); SingleCellExperiment 1.32.0(2025-10-29); SparseArray 1.10.10(2026-03-30); sparseMatrixStats 1.22.0(2025-10-29); SpatialExperiment 1.20.0(2025-10-29); statmod 1.5.1(2025-10-09); stringi 1.8.7(2025-03-27); stringr 1.6.0(2025-11-04); SummarizedExperiment 1.40.0(2025-10-29); survival 3.8-6(2026-01-16); systemfonts 1.3.2(2026-03-05); testthat 3.3.2(2026-01-11); textshaping 1.0.5(2026-03-06); tibble 3.3.1(2026-01-11); tidydr 0.0.6(2025-07-25); tidyr 1.3.2(2025-12-19); tidyselect 1.2.1(2024-03-11); tidytree 0.4.7(2026-01-08); timechange 0.4.0(2026-01-29); treeio 1.34.0(2025-10-30); tweenr 2.0.3(2024-02-26); tzdb 0.5.0(2025-03-15); usethis 3.2.1(2025-09-06); vctrs 0.7.3(2026-04-11); viridis 0.6.5(2024-01-29); viridisLite 0.4.3(2026-02-04); vroom 1.7.1(2026-03-31); WGCNA 1.74(2026-01-30); whisker 0.4.1(2022-12-05); withr 3.0.2(2024-10-28); xfun 0.57(2026-03-20); XML 3.99-0.23(2026-03-20); xml2 1.5.2(2026-01-17); xtable 1.8-8(2026-02-22); XVector 0.50.0(2025-10-29); yaml 2.3.12(2025-12-10); yulab.utils 0.2.4(2026-02-02); zip 2.3.3(2025-05-13)
[2026-04-19 13:56:13] [INFO]    [OmnipathR] CURL: version: 8.5.0; headers: 8.5.0; ssl_version: OpenSSL/3.0.13; libz_version: 1.3; libssh_version: libssh/0.10.6/openssl/zlib; libidn_version: 2.3.7; host: x86_64-pc-linux-gnu; protocols: dict, file, ftp, ftps, gopher, gophers, http, https, imap, imaps, ldap, ldaps, mqtt, pop3, pop3s, rtmp, rtmpe, rtmps, rtmpt, rtmpte, rtmpts, rtsp, scp, sftp, smb, smbs, smtp, smtps, telnet, tftp; ipv6: TRUE; http2: TRUE; idn: TRUE; url_parser: TRUE
[2026-04-19 13:56:14] [WARN]    [OmnipathR] Accessing `PROGENy` as a static table: this is not the recommended way to access OmniPath data; it is only a backup plan for situations when our server or your computer is experiencing issues.
[2026-04-19 13:56:15] [TRACE]   [OmnipathR] Looking up in cache: `http://no-tls.static.omnipathdb.org/resources/annotations_PROGENy_9606.tsv.gz`
[2026-04-19 13:56:15] [TRACE]   [OmnipathR] Loaded data from RDS `/home/runner/.cache/OmnipathR/103f85125e0134e3d65e4e63d22c339270d103e8-1.rds`.
[2026-04-19 13:56:15] [INFO]    [OmnipathR] Loaded from cache: `http://no-tls.static.omnipathdb.org/resources/annotations_PROGENy_9606.tsv.gz`
[2026-04-19 13:56:15] [SUCCESS] [OmnipathR] Loaded 700239 annotation records from cache.
